-- MySQL dump 10.13  Distrib 8.0.30, for macos11.6 (x86_64)
--
-- Host: playground-mysql.benjaminknauer.de    Database: collect_nature
-- ------------------------------------------------------
-- Server version	5.6.51

/*!40101 SET @OLD_CHARACTER_SET_CLIENT=@@CHARACTER_SET_CLIENT */;
/*!40101 SET @OLD_CHARACTER_SET_RESULTS=@@CHARACTER_SET_RESULTS */;
/*!40101 SET @OLD_COLLATION_CONNECTION=@@COLLATION_CONNECTION */;
/*!50503 SET NAMES utf8mb4 */;
/*!40103 SET @OLD_TIME_ZONE=@@TIME_ZONE */;
/*!40103 SET TIME_ZONE='+00:00' */;
/*!40014 SET @OLD_UNIQUE_CHECKS=@@UNIQUE_CHECKS, UNIQUE_CHECKS=0 */;
/*!40014 SET @OLD_FOREIGN_KEY_CHECKS=@@FOREIGN_KEY_CHECKS, FOREIGN_KEY_CHECKS=0 */;
/*!40101 SET @OLD_SQL_MODE=@@SQL_MODE, SQL_MODE='NO_AUTO_VALUE_ON_ZERO' */;
/*!40111 SET @OLD_SQL_NOTES=@@SQL_NOTES, SQL_NOTES=0 */;

--
-- Table structure for table `benutzer`
--

/*!40101 SET @saved_cs_client     = @@character_set_client */;
/*!50503 SET character_set_client = utf8mb4 */;
CREATE TABLE `benutzer` (
  `id` int(11) NOT NULL AUTO_INCREMENT,
  `benutzername` varchar(255) COLLATE utf8_unicode_ci NOT NULL,
  `passwort` varchar(255) COLLATE utf8_unicode_ci NOT NULL,
  PRIMARY KEY (`id`),
  UNIQUE KEY `user_username_uindex` (`benutzername`)
) ENGINE=InnoDB AUTO_INCREMENT=35 DEFAULT CHARSET=utf8 COLLATE=utf8_unicode_ci;
/*!40101 SET character_set_client = @saved_cs_client */;

--
-- Dumping data for table `benutzer`
--

/*!40000 ALTER TABLE `benutzer` DISABLE KEYS */;
INSERT INTO `benutzer` VALUES (1,'Thor','$2a$10$AdWLGgwG7jk29va6ySzQ5uWwf1Eq/mcuaJQ1/FG46aLaWmJB1fwti'),(2,'Pauker','$2a$10$Fg2q00zVf4InT01NbG3oqeIgrwg7d.uA/TDX78HRzKA3GL9Hy4mcm'),(3,'Pusteblume','$2a$10$UF1VlWi3zAxOOVCtRkCsauZQuRv0kXfd9KAwKhBE/7QQdNrVcGz.G'),(4,'Marlene','$2a$10$xGmCMSrcQNG.N2OZt0UzNuLLLgJLf5Fb3fpxMHhV4z3WMSyMwBCbi'),(5,'jana','$2a$10$aYheososHfQu3aC2FEL19.pwWS8ZCY8Ff1hQ/7MrcokX8DgwidKOG'),(6,'Jonas','$2a$10$peiZzEZzhjFV/TM.gecTN./qtmTPpX.CvjyjNqRUETx9G5rPsVj06'),(7,'Peter','$2a$10$bDFBaRTUXmAthX5h1PuMIedPGCI1taP8dB5Zk.jAQ3/OvBZa30GAq'),(8,'marco_92','$2a$10$6uvzHMgAbm6I.rB7tdZGpOROjhfUmUHJWrFvSoetFq3lmlX55cy4O'),(9,'henni1310','$2a$10$L7BVjxf8hfhqJkslmQ/VlusS6hGnjcmx55DB1zvhFCcmCjo14hcOy'),(10,'ED','$2a$10$1fz9yGig.N3rsJc1IygndenZT6OCV8fcXY01Cn10YbHI9iDkD23Qa'),(11,'Max','$2a$10$ZgpJZ5sbZLS/.Yw4yDIXfOT41H85oZIoXmsVmSPzOU./lk8x6c6Uq'),(13,'Tim','$2a$10$33s2zygSfoSY2.Es/VjFjOxzCxtLrrYjaj/lLjzI89desFxD4vjbW'),(14,'Admin','$2a$10$zP3uHR/XYp9MgQqupsHlUexPCZ31HneFvZwIwi1sBcYr6s1jGEaeS'),(15,':(','$2a$10$k5EzsOymti8R.olVjgeA4.eb4OwJOOEnLKqzXV2362c/8FuD2IeX.'),(16,'(__:(|)','$2a$10$1QaIm9sYO6UoQuLlG1M.ZewV8VWWGP1TJrRf1q6V3COuoF.MD8MQi'),(17,'Hi','$2a$10$k98RrEO6VjIm6t1RZscz0.wM7p0bUlAxo/hgxAG8op4EduR/t8pWO'),(18,'Hoppenstedt','$2a$10$gx26.xTtBY7D5vzQLiNIHOANvAE5gmCf8dP5xaU8W3gPvaSZVeJTm'),(19,'Unicorntree123','$2a$10$8IjeupG5oV5eHc6/Rt1Px.7xCGexNwYv4u3BtqE9pZde33YhCL41W'),(20,'Asterix','$2a$10$lnH0VIDKX65VCk6xEJTNs.UdBK6xUhOb5Znq.BqM4bDia1JzCsoWG'),(21,'DefaultUser123','$2a$10$IRfiI9RT.KAZbIw319f7/eolLHPBRNomN8VlacZnSMqv8ClfNfaDG'),(22,'Zokashi','$2a$10$eTYoryQpWb1pXaDZ59PMW.2FkqIOzsVEF1K8zBljBMkiaquO00SdS'),(23,'Baluchen','$2a$10$tKXH3UBQvqQGCC/nA62pHeFTOTnkSBaxcldVd1mCe1vVx98cNPbwG'),(24,'Jeremy','$2a$10$Ikkb.07vuyxvVbUBfmrd0u7abXsdtUXWBZ2aZW9NLftmlt/UXv2ci'),(25,'LukeReaper','$2a$10$0BKhXyjP6L1/JfU8kvyh4e5ELSirVktzVKvR3saDzs/cI7urBHA7.'),(26,'Obelix','$2a$10$Pm8BXjw07a/G4JWVl9Dvteq/3hzvYE5wL/Jw5/Ul3kN3bEwIvelES'),(27,'¡','$2a$10$40YNFAbD26uyLwaKISZaHuC3LuEu03g1UXm.Lvo3Dx3Q3PyV4HeH6'),(28,'Beans','$2a$10$uF31L0T1mLJrNhBsQmzUtu/z2OmP0JPy4Y8c3G0VElJhcJdfM.5GG'),(29,'PlantMan','$2a$10$Dr8FYYV.gOKjRFQPi2h9uuINkep2K712w6XgydOtVcyq1zcYva41C'),(30,'Sdkfz-234/2','$2a$10$0Xg1nyDldLH71z6Z26FRTOudmbrYP0Jfb1ePOkU5swr2FDk6viuj6'),(31,'SdKfz 6/2','$2a$10$oghPJZkZmTtHmWMs..zxH.wb.VLCBz7g8pFjMDtFHvc2JyBMW47Au'),(32,'dummy','$2a$10$UA3cJi8CF5ErF1bxw3NzQ.KpeU./3/7u6LbpUDv4K8pmrpQjImf2S'),(33,'copyright','$2a$10$mKUsWqU7CKTmJ0gNpMo.uepvgw2q8sveWZXceNqccBcjpQLA/cvVS'),(34,' beansKannSichNichtAnmelden','$2a$10$liAeGMVBXmAbENowUHJt3.VH8vJjCHBhFgTsjYKlJ41X6/vF5lanu');
/*!40000 ALTER TABLE `benutzer` ENABLE KEYS */;

--
-- Table structure for table `bewertung`
--

/*!40101 SET @saved_cs_client     = @@character_set_client */;
/*!50503 SET character_set_client = utf8mb4 */;
CREATE TABLE `bewertung` (
  `bewerter` int(11) NOT NULL,
  `fundId` int(11) NOT NULL,
  `bewertung` int(11) NOT NULL,
  PRIMARY KEY (`bewerter`,`fundId`),
  KEY `bewertung_fund_id_fk` (`fundId`),
  CONSTRAINT `bewertung_benutzer_id_fk` FOREIGN KEY (`bewerter`) REFERENCES `benutzer` (`id`),
  CONSTRAINT `bewertung_fund_id_fk` FOREIGN KEY (`fundId`) REFERENCES `fund` (`id`)
) ENGINE=InnoDB DEFAULT CHARSET=utf8 COLLATE=utf8_unicode_ci;
/*!40101 SET character_set_client = @saved_cs_client */;

--
-- Dumping data for table `bewertung`
--

/*!40000 ALTER TABLE `bewertung` DISABLE KEYS */;
INSERT INTO `bewertung` VALUES (1,57,3),(2,55,0);
/*!40000 ALTER TABLE `bewertung` ENABLE KEYS */;

--
-- Table structure for table `folgen`
--

/*!40101 SET @saved_cs_client     = @@character_set_client */;
/*!50503 SET character_set_client = utf8mb4 */;
CREATE TABLE `folgen` (
  `benutzerId` int(11) NOT NULL,
  `verfolgterBenutzerId` int(11) NOT NULL,
  PRIMARY KEY (`benutzerId`,`verfolgterBenutzerId`),
  KEY `folgen_benutzer_id_fk_2` (`verfolgterBenutzerId`),
  CONSTRAINT `folgen_benutzer_id_fk` FOREIGN KEY (`benutzerId`) REFERENCES `benutzer` (`id`),
  CONSTRAINT `folgen_benutzer_id_fk_2` FOREIGN KEY (`verfolgterBenutzerId`) REFERENCES `benutzer` (`id`)
) ENGINE=InnoDB DEFAULT CHARSET=utf8 COLLATE=utf8_unicode_ci;
/*!40101 SET character_set_client = @saved_cs_client */;

--
-- Dumping data for table `folgen`
--

/*!40000 ALTER TABLE `folgen` DISABLE KEYS */;
INSERT INTO `folgen` VALUES (2,1),(6,1),(13,1),(16,1),(17,1),(31,1),(1,2),(3,2),(6,2),(8,2),(13,2),(14,2),(15,2),(17,2),(18,2),(19,2),(20,2),(21,2),(22,2),(23,2),(24,2),(26,2),(27,2),(28,2),(29,2),(30,2),(31,2),(32,2),(34,2),(2,3),(13,3),(14,3),(15,3),(16,3),(17,3),(30,3),(31,3),(2,4),(13,4),(16,4),(17,4),(24,4),(26,4),(30,4),(31,4),(32,4),(2,5),(13,5),(17,5),(18,5),(23,5),(27,5),(30,5),(31,5),(32,5),(2,6),(4,6),(13,6),(14,6),(16,6),(24,6),(30,6),(31,6),(32,6),(2,7),(3,7),(6,7),(13,7),(14,7),(17,7),(31,7),(13,8),(16,8),(17,8),(30,8),(31,8),(32,8),(2,9),(13,9),(17,9),(30,9),(31,9),(1,10),(2,10),(13,10),(14,10),(17,10),(31,10),(2,11),(13,11),(30,11),(31,11),(32,11),(2,13),(15,13),(16,13),(17,13),(24,13),(31,13),(2,14),(13,14),(15,14),(16,14),(17,14),(19,14),(21,14),(24,14),(29,14),(30,14),(31,14),(32,14),(34,14),(2,15),(13,15),(16,15),(17,15),(19,15),(21,15),(31,15),(2,16),(13,16),(15,16),(21,16),(31,16),(2,17),(13,17),(15,17),(21,17),(30,17),(31,17),(2,18),(13,18),(14,18),(20,18),(21,18),(22,18),(23,18),(25,18),(27,18),(29,18),(31,18),(34,18),(2,19),(13,19),(14,19),(17,19),(21,19),(28,19),(29,19),(30,19),(2,20),(13,20),(14,20),(15,20),(16,20),(17,20),(21,20),(22,20),(23,20),(24,20),(26,20),(30,20),(31,20),(32,20),(2,21),(13,21),(14,21),(17,21),(19,21),(29,21),(30,21),(31,21),(32,21),(2,22),(13,22),(14,22),(16,22),(17,22),(20,22),(21,22),(24,22),(26,22),(30,22),(31,22),(2,23),(13,23),(14,23),(16,23),(18,23),(19,23),(20,23),(21,23),(22,23),(26,23),(27,23),(28,23),(30,23),(31,23),(2,24),(13,24),(16,24),(31,24),(2,25),(13,25),(17,25),(19,25),(28,25),(30,25),(31,25),(2,26),(13,26),(14,26),(15,26),(16,26),(17,26),(18,26),(20,26),(21,26),(22,26),(23,26),(28,26),(31,26),(2,27),(13,27),(14,27),(18,27),(20,27),(21,27),(22,27),(23,27),(26,27),(2,28),(13,28),(14,28),(15,28),(18,28),(19,28),(21,28),(22,28),(25,28),(26,28),(27,28),(29,28),(30,28),(31,28),(34,28),(2,29),(13,29),(14,29),(15,29),(16,29),(18,29),(19,29),(21,29),(25,29),(26,29),(28,29),(31,29),(2,30),(13,30),(14,30),(17,30),(19,30),(21,30),(24,30),(25,30),(28,30),(29,30),(31,30),(34,30),(2,31),(13,31),(14,31),(19,31),(21,31),(30,31),(34,31),(2,32),(13,33),(14,33),(19,33),(21,33),(28,33),(30,33),(21,34),(30,34);
/*!40000 ALTER TABLE `folgen` ENABLE KEYS */;

--
-- Table structure for table `fund`
--

/*!40101 SET @saved_cs_client     = @@character_set_client */;
/*!50503 SET character_set_client = utf8mb4 */;
CREATE TABLE `fund` (
  `id` int(11) NOT NULL AUTO_INCREMENT,
  `bildUrl` varchar(255) COLLATE utf8mb4_unicode_ci DEFAULT NULL,
  `fundname` varchar(255) COLLATE utf8mb4_unicode_ci DEFAULT NULL,
  `beschreibung` longtext COLLATE utf8mb4_unicode_ci,
  `datum` datetime DEFAULT NULL,
  `ort` varchar(255) COLLATE utf8mb4_unicode_ci DEFAULT NULL,
  `benutzerId` int(11) DEFAULT NULL,
  PRIMARY KEY (`id`),
  KEY `fund_benutzer_id_fk` (`benutzerId`),
  CONSTRAINT `fund_benutzer_id_fk` FOREIGN KEY (`benutzerId`) REFERENCES `benutzer` (`id`)
) ENGINE=InnoDB AUTO_INCREMENT=121 DEFAULT CHARSET=utf8mb4 COLLATE=utf8mb4_unicode_ci;
/*!40101 SET character_set_client = @saved_cs_client */;

--
-- Dumping data for table `fund`
--

/*!40000 ALTER TABLE `fund` DISABLE KEYS */;
INSERT INTO `fund` VALUES (1,'/user-photos/1/5cadc803-4623-4a68-8645-908552c74f90_Daucus3.jpeg','Wilde Möhre (Daucus carota)','Sehr viele am Hafen entdeckt!','2022-07-27 14:10:00','Münster',1),(2,'/user-photos/2/b59da6ae-d167-4994-b877-444918becf03_1658927386261.jpg','Schwarzäugige Susanne','','2022-07-27 15:14:00','Münster',2),(3,'/user-photos/2/42bb0398-392c-4c9d-9b39-2fdf5eca9453_markup_thumb_1657974932953.jpg.jpg.png','Wiesen-Witwenblume','Schöner Fund im Urlaub 🐝','2022-06-19 15:32:00','Etretat',2),(4,'/user-photos/2/430754f9-ab5a-4e16-be2f-977876b34b78_markup_thumb_1657916238458.jpg.jpg.png','Acker-Kratzdistel','','2022-06-15 15:36:00','Yport (Frankreich)',2),(5,'/user-photos/2/f6c8a6db-c585-48f8-b2dd-fdfd8b2f93b5_1658932220361.jpg','Japanischer Flügelknöterich','Überall an den Gleisen. Leider eine Invasive Art.','2022-07-27 16:31:00','Münster',2),(6,'/user-photos/2/84529b5f-0022-4e28-8142-644ea18d0338_PXL_20220727_143343766.MP.jpg','Spitz-Ahorn','Zu erkennen an den spitzen Blättern ...','2022-07-27 16:33:00','Münster',2),(7,'/user-photos/2/caa7997f-6fe9-4111-ae88-1a0c0547bb49_1658932535807.jpg','Hunds-Rose','','2022-07-27 16:35:00','Münster',2),(8,'/user-photos/6/6af8e7d1-0e59-4853-bd91-f76e46b3053d_image.jpg','Salatrauke (Ruca)','Auch als Rucola bekannt.','2022-07-28 11:40:00','Balkonien',6),(9,'/user-photos/6/ec71c2f1-97ac-4601-bff8-3cfe2a51fcf6_image.jpg','Aleovera','','2022-07-28 11:48:00','Nasszellien ',6),(10,'/user-photos/6/2de35717-48a1-4211-8b5c-625a626398e8_image.jpg','Kohlrabi Azur Star','Noch ca 4 Wochen bis zur Ernte','2022-07-28 12:11:00','Balkonien',6),(12,'/user-photos/6/08c2d64e-1c44-476b-9dbf-07d8f89ca636_image.jpg','Dreikantige Wolfsmilch (Euphorbia trigona)','Alter: 25 Jahre','2022-07-28 12:14:00','Wohnzimmer',6),(14,'/user-photos/6/1790149f-0495-4caf-9e93-db6bc9305c69_image.jpg','Monstera','','2022-07-28 12:20:00','Wohnzimmer',6),(15,'/user-photos/6/6068ab0c-a718-48af-b726-b7e1cca8ee52_image.jpg','Brombeere (Rubus)','','2022-07-28 12:20:00','Münster',6),(16,'/user-photos/6/9f11ef2b-d696-49bd-b788-a6e275f5c972_image.jpg','Gefleckter Aronstab (Arum maculatum)','','2022-07-28 12:23:00','Münster',6),(17,'/user-photos/6/a7bc66d7-3880-4f0f-a646-777bfe5d1c88_image.jpg','Brennnessel (Urtica)','','2022-07-28 12:26:00','Münster',6),(18,'/user-photos/6/d9feba46-a063-495e-9c9c-15b1faa22737_image.jpg','Birke (Betula)','','2022-07-28 12:27:00','Münster',6),(19,'/user-photos/6/8bee1ba0-78ac-4e31-a583-f8d8d6413785_image.jpg','Eiche (Quercus)','','2022-07-28 12:29:00','Münster',6),(20,'/user-photos/6/d9cb7232-ead3-4784-909f-a082e4a3a987_image.jpg','Zucchini ','','2022-07-28 12:31:00','Münster',6),(21,'/user-photos/6/d6130b27-99f0-4a80-9e2f-41f32fc80783_image.jpg','Mangold','Wie Salat/Spinat essbar','2022-07-28 12:32:00','Münster',6),(22,'/user-photos/6/5a805b4a-3977-4597-9003-5ed93b0b2b5c_8B4268A2-80AB-476A-9A59-F52ABE89A16A.jpeg','Blaubeere (Vaccinium myrtillus)','','2022-07-28 12:39:00','Bad Schandau',6),(24,'/user-photos/6/acb48e2e-fc87-407d-af91-13263c8a9511_085DD5E2-E357-42C6-8F8F-1EC31E0080B2.jpeg','Buche','','2022-07-28 12:41:00','Altendorf Sebnitz',6),(25,'/user-photos/6/326b05d0-dce9-4bc3-82ec-032cbf39ea54_image.jpg','Chinesischer Geldbaum (Pilea peperomioides)','','2022-07-28 13:34:00','Münster',6),(26,'/user-photos/7/5fdc1626-532c-4444-97a1-f2fd1dce9358_IMG-20220727-WA0038.jpg','Enzian','','2022-07-28 14:13:00','Osttirol',7),(27,'/user-photos/7/098f95cd-3c91-4eab-bb95-5dac1d6b2bf9_IMG-20220727-WA0016.jpg','Alpenrose','','2022-07-28 14:14:00','Osttirol',7),(28,'/user-photos/7/adc2056f-a2d1-40bb-9069-d976a4928cd0_IMG-20220724-WA0024.jpeg','Hibiskus','','2022-07-28 14:14:00','Gütersloh',7),(29,'/user-photos/7/805e7c9f-59d3-45ed-8546-d365e1b55938_IMG-20220715-WA0001.jpeg','Knallerbe','','2022-07-28 14:16:00','Münster',7),(30,'/user-photos/7/71171fc7-f025-4eed-a3cb-b93de39255bb_IMG-20220709-WA0173.jpg','Giftiger Aaronstab','','2022-07-28 14:16:00','Frankreich, Auvergne',7),(31,'/user-photos/3/735aa973-2120-4aa3-96d7-8b524d2fc294_20220728_154714.jpg','Feige','','2022-07-28 15:37:00','Münster ',3),(32,'/user-photos/3/d870d752-ddb0-4817-89d5-c822d679c553_20220728_152156.jpg','Cola-Kraut','','2022-07-28 15:49:00','Münster ',3),(33,'/user-photos/3/00678063-c9b3-41b7-aedf-6698aa0e0dd4_1659016486089722069058683211768.jpg','Lavendel','','2022-07-28 15:54:00','Münster ',3),(34,'/user-photos/2/e79615a8-1007-4db8-bd14-9d355069345f_markup_thumb_1654954734896.jpg.jpg.png','Fächer-Ahorn (Acer palmatum)','','2022-07-11 16:07:00','Münster - Staufenbergstraße',2),(35,'/user-photos/2/3d238971-ecef-480d-ae4e-4ad5974ad670_1659019003582.jpg','Dreilappige Jungfernrebe (Parthenocissus tricuspidata)','Die komplette Fassade ist voll damit 🏠🪴','2022-07-28 16:37:00','Münster',2),(36,'/user-photos/2/02d651fe-990b-4660-8ccf-a7e0fa8b8870_PXL_20220728_144201503.jpg','Rispen-Blasenbaum (Koelreuteria paniculata)','Auch Blasenesche genannt. Ursprünglich aus China.','2022-07-28 16:42:00','Münster',2),(37,'/user-photos/2/3ae0832f-e363-4b19-a16b-e1444923097f_PXL_20220728_144613498.jpg','Wilde Malve (Malva sylvestris)','Wissenswert: Blüten und Blätter enthalten Schleim, der Reizhusten lindert. Galt im 16. Jahrhundert als Allheilmittel.','2022-07-28 16:47:00','Münster',2),(38,'/user-photos/9/65152ab6-9dbf-43cb-8542-c28461ba0616_9252D288-BAC6-4E80-A5EC-91CB9B922F03.jpeg','Hortensie','','2022-07-28 17:04:00','Münster',9),(39,'/user-photos/9/a8a4b6b4-9d2e-43ec-b106-34615d3c8d07_3661E1DC-A7F2-4E4C-80D6-6137BD8A25C5.jpeg','Goldfruchtpalme','','2022-07-28 17:07:00','Münster',9),(40,'/user-photos/9/8fe8e421-7995-449e-b89a-0a601a3c048d_C6949E77-C98C-4057-8FD5-1637534A1824.jpeg','Monstera','','2022-07-28 17:08:00','Münster',9),(41,'/user-photos/9/e544479e-5b51-4127-ad9c-7a8122cb00e5_C2769B21-A50A-4585-AE24-B34F0006D639.jpeg','Pilea','','2022-07-28 17:09:00','Münster',9),(42,'/user-photos/9/dd8e8eb7-3eb0-46c5-955d-31bf108cfb79_E1BD535F-9734-48CD-AF36-A204FEFB4ECA.jpeg','Schopf-Lavendel','','2022-07-28 17:12:00','Münster',9),(43,'/user-photos/9/bb7034f3-c082-4ea9-9c53-8c5ae96d002e_C4DF7FB9-FF4C-425C-92D5-D0C15D8CDDAA.jpeg','Eukalyptus','','2022-07-28 17:13:00','Münster',9),(44,'/user-photos/9/52b8f311-11ed-4327-9b41-99eafda65e3a_BF9B9BCF-9C85-407A-822B-F0711120545A.jpeg','Kanarische Dattelpalme','','2022-07-28 17:14:00','Münster',9),(45,'/user-photos/3/d4ea3435-08db-4b00-bb9e-f66e9a6d8eba_20220728_153644.jpg','Tomate','','2022-07-28 17:18:00','Münster ',3),(46,'/user-photos/9/d89e34a2-d553-4128-84cf-b50671447731_0B7E1B60-009B-4125-9CAE-8A113146333B.jpeg','Geldbaum','','2022-07-28 17:19:00','Münster',9),(47,'/user-photos/3/fb8995ae-5679-47f7-bb91-e4a6bb4892f7_20220728_153633.jpg','Kohlrabi ','','2022-07-28 17:19:00','Münster',3),(48,'/user-photos/3/db3ca73e-d4ba-4080-b06a-f86106e00988_20220728_152129.jpg','Salbei','','2022-07-28 17:19:00','Münster',3),(49,'/user-photos/3/82c3f98c-cd18-42ed-ac9a-c7fdc0a549cd_20220728_154638.jpg','Stockrose','','2022-07-28 17:20:00','Münster',3),(50,'/user-photos/3/8a3a9e0f-4060-470b-a958-d735120559f3_20220728_154627.jpg','Ringelblume','','2022-07-28 17:21:00','Münster',3),(51,'/user-photos/3/80d718bc-65ae-4b09-9d55-eae7d0bddace_IMG-20170611-WA0006.jpg','Kirschbaum','','2022-07-28 17:23:00','Unna',3),(52,'/user-photos/10/20412d41-196b-4a8d-a79f-046c5235eb06_761E0D02-4D46-4565-84A6-16E4B50A27C0.jpeg','Sabila Aloe Vera','','2022-07-28 20:37:00','Münster',10),(53,'/user-photos/10/a9072d02-649b-46f0-bdf6-5e7b3db00ce0_00C02431-B73F-4A0C-9974-1AF9FB47BC08.jpeg','Ficus microcatpa ginseng','','2022-07-28 20:40:00','Münster',10),(54,'/user-photos/10/d2a3878c-886e-4d4f-8390-d11e4e2e626c_872D8B3B-3A7D-484D-A4B1-B74781FD86E2.jpeg','Embeleso','','2022-07-28 20:40:00','Münster ',10),(55,'/user-photos/10/79a60793-4d00-4abe-b2c7-80819d4e2e6d_50725DE5-0FF0-4B2F-A20B-87C664D99287.jpeg','Fuchsie','','2022-07-28 20:41:00','Münster',10),(56,'/user-photos/10/1fa3de71-0d29-405f-99dc-0b65d54766ca_0B969332-E781-46CA-A590-4440864FF649.jpeg','Schmucklilie','','2022-07-28 20:42:00','Münster',10),(57,'/user-photos/10/c7e78151-8849-4891-9dae-37a51c57a9b8_EBA70999-C1C3-4D49-A3B1-36920291ED62.jpeg','Elefantenfuß (Beaucarnea recurvata)','','2022-07-28 20:43:00','Münster',10),(60,'/user-photos/13/8d2346a0-ea1b-4114-9d0e-dd53ea72becc_DA93E03B-9096-4F7D-9F11-0525A8BCA176.jpeg','Wild','Neue Spezies','2022-08-11 13:20:00','Münster',13),(61,'/user-photos/13/8960072a-ffce-4278-a5f8-4b927509c91c_BE6D8F5D-BFDB-4D4A-9A02-4F70B152DE48.jpeg','LoL','Was dat denn','2022-08-11 13:20:00','Runeterra',13),(62,'/user-photos/15/e0da6746-03b9-4c16-a42b-7b1ece11d89c_image.jpg','Tisch','Er ist sehr cool','2022-08-11 13:23:00','Schule',15),(63,'/user-photos/17/dc1408a4-47ea-4eca-8435-1ba86582e43b_E5893DEC-2EE5-47D7-AB1D-196D6C247C67.jpeg','Morant','','2022-08-11 13:23:00','Air',17),(64,'/user-photos/18/c91a9cc7-ba0f-4f49-88bc-b73c7b52b0c1_image.jpg','Gemeiner Ahorn','Grün','2022-08-11 13:23:00','Vor B201',18),(65,'/user-photos/13/94389ce4-9efc-4b71-baf1-18605c6d48d8_B36126A6-8769-487D-AB2F-5D5A59381D84.png','Auspuff Hund','Ist das wohl Klimaneutral?','2022-08-11 13:23:00','Unterm Audo',13),(66,'/user-photos/17/abd0818d-3774-4766-ab37-c3ab8ac705d2_9867E1C6-7195-48E8-BFFE-A8FD33F64B17.jpeg','Coole Leute','','2022-08-11 13:24:00','Schule',17),(67,'/user-photos/25/33383c68-98c4-4213-bca8-8c21ec79a83b_image.jpg','Baum','Test','2022-08-11 13:24:00','Hier2',25),(68,'/user-photos/15/924e100d-f96f-42c8-8999-601ce14da00a_75C57F90-C095-4559-AC5D-AF4A963A328F.jpeg','Karbonzyklus','Sehr informativ','2022-08-11 13:25:00','Tafel',15),(69,'/user-photos/22/cdd3dc58-c9c9-4ea9-ae51-c397c1ac7a5d_image.jpg','Ein Tisch','Ein teilweise sauberer Tisch','2022-08-11 13:25:00','Deutschland',22),(70,'/user-photos/28/793b81e1-3360-4ef7-adc5-37143f0d6436_0A2D371F-6007-432F-A064-63EDEB45FDC3.png','Google Wiese','','2022-08-11 13:25:00','Hier',28),(71,'/user-photos/30/c9317f33-4196-4342-8bf2-7c71873802a9_image.jpg','Baum','Eine sensationelle entdeckung','2022-08-11 13:26:00','Hier',30),(72,'/user-photos/15/51bbb276-768f-4fbf-9902-b5185fd512f3_F352B71F-A102-4663-80E5-02354DEAA11E.jpeg','MC Kähler','Sie ist sehr wyld','2022-08-11 13:27:00','In der Wildnis',15),(73,'/user-photos/17/d6529161-cedf-436b-90bd-1b380dc49b67_4FD0F6F1-0C0A-4AF5-A470-F074F00121F1.jpeg','这种行为可能真的太难理解的人了','','2022-08-11 13:27:00','他国国籍西班牙',17),(74,'/user-photos/14/47865fe4-682d-4759-923a-89748ba30fe9_3C790725-5281-4A2A-9447-E0692B073FF8.jpeg','Meine Lieblingspflanze','Wu','2022-08-11 13:28:00','Internet',14),(75,'/user-photos/16/c53a32aa-b4d5-4b80-84d3-4e13c362a2ee_90E287D4-EC01-4B95-A7D7-1392C010C605.jpeg','Hundus lustigus',':)','2022-08-11 13:28:00','Internetz',16),(76,'/user-photos/30/c57ab383-6b0b-4ad1-9c9a-1f79178e1422_EDDF44E7-C76A-42DA-BD20-AFF8099600DD.jpeg','Vorsicht','Eine gefährliche situation','2022-08-11 13:28:00','Wilhelm Hittorf gymnasium Münster',30),(77,'/user-photos/19/21f12794-258b-4505-84ed-e68d662eec78_24937152-7463-418B-82EA-BE130BADDACD.jpeg','Tulpe','1 Foto von 1 Blume mit dem Namen 1 Tulpe.\nFarbe: ROT','2022-08-11 13:29:00','Bei mir Zuhause',19),(78,'/user-photos/23/a9d126f4-1b4b-4bbe-b482-8dfffd808cf7_3238CC68-64FA-4F40-9C08-8529E62C828F.jpeg','Die Juliet Rose','Die schönste Blume der Welt','2022-08-11 13:30:00','Internet',23),(79,'/user-photos/18/af099f40-f7ee-4b57-9b04-81f118554ca3_AC2B40BB-F365-4873-A28B-B5325388AAA1.jpeg','Binären Suchbaum','Wunderschön und nützlich!','2022-08-11 13:29:00','Informatik',18),(80,'/user-photos/28/d09fb89f-e3de-46ba-8e71-008c512a29e8_73272155-AEFA-4124-A647-5581AC7E2799.gif','Homo Sapiens','','2022-08-11 13:30:00','Geheim',28),(81,'/user-photos/13/d1ccc1cc-9e49-4da0-ac78-519473aba3cd_9D2A5818-3FF9-458A-80DE-6202F4C5CA5C.jpeg','Schattenhund','Siehst du ihn','2022-08-11 13:31:00','Keller',13),(82,'/user-photos/14/e3ea0d71-480c-4d7e-9a7c-42e6d9c46f78_80A9F574-1CDF-412C-95D8-C1629A1D6A7C.jpeg','Steingewächs','Sehr steinig','2022-08-11 13:34:00','WHG Münster',14),(83,'/user-photos/30/478093c0-d714-4a9f-b3c7-9e0007a24675_683380B3-0BFE-4958-A652-5186D06BCFAA.gif','Homo Sapiens','Breiter als das clubgebäude','2022-08-11 13:35:00','Im fernen Osten',30),(84,'/user-photos/31/65088265-1902-4be6-9034-f8a38bf505d2_51B62C09-352C-4C40-B388-5DEC2CF4D6CC.png','Apfel','Ein Apfel','2022-08-11 13:38:00','Apfelbaum',31),(85,'/user-photos/31/6ae39e8c-9927-45ee-b542-1ce347df822e_91A158F3-C743-4DD2-A553-77FF3937A3EF.png','Zitrone','','2022-08-11 13:42:00','Zitronenbaum',31),(86,'/user-photos/31/07d9b6bb-c517-4e05-af0c-8fcab0db2eb6_13F0047B-8720-4B4C-8546-6535474EB891.png','Orange','','2022-08-11 13:43:00','Orangenbaum',31),(87,'/user-photos/31/57239422-7247-4495-af77-c4ebe384448d_25AE1745-8DEF-476C-8EC9-3A9112224978.png','Birne','','2022-08-11 13:43:00','Birnenbaum',31),(88,'/user-photos/31/263b0e0c-b2fd-4ac7-8ec2-b3871b315c64_856B7BA9-858F-4152-B3D5-B0A7D38045F5.png','Melone','','2022-08-11 13:43:00','Melonenfeld',31),(89,'/user-photos/31/e5ec8309-af2a-4225-ac8a-4d8b2ade1fdc_C8AB08CE-EA14-4881-893E-99C9EE1BA3AC.png','Haselnuss','','2022-08-11 13:44:00','Haselnussstrauch',31),(90,'/user-photos/14/9c38bfce-2bdf-490f-8d4a-f5f3f9bd1dfa_image.jpg','Poa annua L.','Meine neue Lieblingspflanze','2022-08-11 13:59:00','Koldering/LVM',14),(91,'/user-photos/14/5059af0f-a335-4888-b805-7f0387947a18_image.jpg','Hortensie','Sehr flauschig aber beim Abreißen kommen die Besitzer','2022-08-11 14:33:00','Bei Münster',14),(92,'/user-photos/20/cc6599f1-8ecc-4721-b795-892bd42981ab_6C55B8AD-DC3A-463A-ADB0-1F56448711F8.jpeg','Weizenfeld','','2022-06-16 21:58:00','Münster-Albachten',20),(93,'/user-photos/22/85f31da1-47f5-490f-958f-55dcc7cd16a7_image.jpg','Schöne Aussicht','Das Bild stamm aus einer Gemälde, welche in unserem Haus hängt. Die Auflösung ist ebenfalls der Knaller.','2022-08-11 20:00:00','Unbekannt',22),(94,'/user-photos/14/cbec3b7c-f899-42db-a81b-755cb61723ec_50EF9F48-C204-4F62-BEA0-66761957D259.jpeg','Capsula Mundi','Quelle: www.capsulamundi.it - Eine Art Sarg der als Nahrungsquelle für eine oberhalb gepflanzte Pflanze dienen kann und somit eine verstorbene Person in eine Pflanze „verwandelt“','2022-08-11 21:09:00','www.capsulamundi.it (unbezahlte Werbung)',14),(95,'/user-photos/14/c7c6f079-f2ef-4829-8711-ba5b46c3a33e_HighTree.png','Hoher Baum','Es tut mir leid, aber ich musste das einfach testen','2022-08-11 21:13:00','Quelle: Pixabay - Freie Lizenz ohne Namensnennung',14),(96,'/user-photos/19/4e6b148d-0909-42ba-bb36-f2edef7a85a4_39383096-E75C-42B5-A0CE-830F0EE1D397.jpeg','Stockrose','Alcea Rosea\nPink\nHummel in der Mitte','2022-08-11 20:14:00','Münster',19),(97,'/user-photos/15/824cd205-7174-4757-ac3b-6320843124f1_5C77CF39-095E-4E11-90BB-DBD741E20B49.jpeg','Efeu','','2022-08-12 08:33:00','WHG',15),(98,'/user-photos/19/9188eee5-cbd0-48e1-8352-a0e51f3228b2_917AB754-5498-407A-B850-DF8C4D7E75FA.jpeg','Ringelblume','Calendula officinalis','2022-08-12 08:33:00','Münster',19),(99,'/user-photos/29/7ce7223d-3496-424f-8e17-2b54d49d187d_50BF89BC-F001-4059-AC6B-B32796F23BE3.jpeg','Apfelbaum','Apfelbaum','2022-08-12 09:01:00','Münster',29),(100,'/user-photos/29/a883625f-ceef-4772-bd81-d961cef69f91_B3926236-2D01-4F98-83AE-237679D41FE7.jpeg','Brombeeren (glaub Ich)','Irgendwas blaues','2022-08-12 09:03:00','Münster',29),(101,'/user-photos/19/8c9d5f45-648b-4e3a-9401-8e0082aa3d42_420C8417-6B0B-49BA-B42E-EBC30CEE773D.jpeg','Veilchen','Violaceae','2022-08-12 08:42:00','Münster',19),(102,'/user-photos/29/89463586-fe85-46fd-9792-08ce77eacafd_FC390DC9-B5A4-4BB6-8449-CC0D1C8CE36B.jpeg','Tomaten','Die Metall Stange ist keine Tomate ','2022-08-12 09:04:00','Mein Garten',29),(103,'/user-photos/31/100f1d2f-a244-4bdf-bd12-ddc94ae75dd5_D95B3E1A-4607-45A3-A65D-BA9801869579.jpeg','Brennnessel (Urtica)','Pflanze in der Familie der Brennnseelgewächse (Urticaceae). Es gibt 30-70 Arten weltweit','2022-08-12 09:11:00','Garten',31),(104,'/user-photos/31/70caa459-8a08-418a-8355-d89f7f04ef0a_4AD547D7-F0A5-4C58-9368-B45A26197A54.jpeg','Laura (Solanum Tuberosum)','Eine Speisekartoffelsorte die vorwiegend festkochend ist. Sie besitzt eine rote Schaleund tiefgelbes Fleisch.','2022-08-12 09:14:00','Garten',31),(105,'/user-photos/31/8aa867d0-6e38-4ba5-bb8d-29211395711a_AD45558C-CB42-4AE1-B07C-9541A7F70C0C.jpeg','Gewöhnliche Stockrose (Alcea rosea)','Auch genannt Stockmalve, Garten-Pappelrose, Bauernrose oder Garten-Stockrose kommt sie aus der Familie der Malvengewäckse (Malvaceae).','2022-08-12 09:16:00','Vorgarten',31),(106,'/user-photos/16/bb22a3c5-e7a5-4dc0-96a9-3dd166574fc0_34B9613E-463C-4A0B-A091-C8FF92510C5E.jpeg','Steinhummel','Hummeln sind kuhl:)\nBombus Lapidarius','2022-08-12 11:28:00','Telgte',16),(107,'/user-photos/30/2e3b8dca-4149-4485-9158-5b69c627b76b_image.jpg','Hanfpalme','Nein es ist nicht DAS Hanf','2022-08-12 12:06:00','Mecklenbeck',30),(108,'/user-photos/16/9c9ad1ab-4e3a-453c-b8ef-d170eb0a1734_56748210-140D-4482-AC37-198EF2F03C65.jpeg','Harztropfen','Ein Tropfen Harz von einem Baum:)','2022-08-12 12:11:00','Spanien',16),(109,'/user-photos/28/184cce53-b091-4ce5-91e2-d9f74f14eb17_image.jpg','Äpfel','','2022-08-12 12:27:00','Grünes Klassenzimmer',28),(110,'/user-photos/28/79172ebc-e201-4165-8630-48fd91141480_image.jpg','Pflanzen','','2022-08-12 12:28:00','Grünes klassenzimmer',28),(111,'/user-photos/24/321e8ce3-50cd-4e01-925d-c86da09b437e_C9596039-B254-4CC1-8406-C9042A60A329.jpeg','Gebüsch','R2d2 vor Gebüsch entdeckt','2022-08-11 14:20:00','Münster',24),(112,'/user-photos/24/47a6044c-b3ca-4a9d-8a3e-4dfdd51856de_FEED6DB7-67C5-42FF-8DF3-ADC298C924F6.jpeg','Gebüsch','R2d2 vor Gebüsch entdeckt','2022-08-12 12:36:00','Münster',24),(113,'/user-photos/15/ca6254ee-6954-42e9-af61-71fd4f582e1e_AFD3C661-FDEC-4E0F-B460-A0F9D987543E.jpeg','Baum','','2022-08-12 12:44:00','WHG',15),(114,'/user-photos/23/3f41e90c-f3e9-4be2-ab92-dc1b1edd936c_516C839A-63DC-4533-824A-3252A5AF8B8E.jpeg','Balu als Welpe','','2022-08-12 13:03:00','Zuhause im Garten',23),(115,'/user-photos/33/31d34aa1-f289-409f-87b6-e36b8cb3aedf_844-100x1000.jpg','Bambus','Bambuuuuuuuuuuuuuuuuuuuuuuuuuuuuuuuuuuuuuuuuuuuuuuuuuuuuuuuuuuuuuuuuuuuuuuuuuuuuus','2022-08-15 20:46:00','picsum.photos',33),(116,'/user-photos/33/2d7d588d-620e-4f6c-93e3-18cbc02f3873_877-1x1.jpg','Ein Pixel','Lorem ipsum dolor sit amet, consetetur sadipscing elitr, sed diam nonumy eirmod tempor invidunt ut labore et dolore magna aliquyam erat, sed diam voluptua. At vero eos et accusam et justo duo dolores et ea rebum. Stet clita kasd gubergren, no sea takimata sanctus est Lorem ipsum dolor sit amet. Lorem ipsum dolor sit amet, consetetur sadipscing elitr, sed diam nonumy eirmod tempor invidunt ut labore et dolore magna aliquyam erat, sed diam voluptua. At vero eos et accusam et justo duo dolores et ea rebum. Stet clita kasd gubergren, no sea takimata sanctus est Lorem ipsum dolor sit amet. Lorem ipsum dolor sit amet, consetetur sadipscing elitr, sed diam nonumy eirmod tempor invidunt ut labore et dolore magna aliquyam erat, sed diam voluptua. At vero eos et accusam et justo duo dolores et ea rebum. Stet clita kasd gubergren, no sea takimata sanctus est Lorem ipsum dolor sit amet. \n\nDuis autem vel eum iriure dolor in hendrerit in vulputate velit esse molestie consequat, vel illum dolore eu feugiat nulla facilisis at vero eros et accumsan et iusto odio dignissim qui blandit praesent luptatum zzril delenit augue duis dolore te feugait nulla facilisi. Lorem ipsum dolor sit amet, consectetuer adipiscing elit, sed diam nonummy nibh euismod tincidunt ut laoreet dolore magna aliquam erat volutpat. \n\nUt wisi enim ad minim veniam, quis nostrud exerci tation ullamcorper suscipit lobortis nisl ut aliquip ex ea commodo consequat. Duis autem vel eum iriure dolor in hendrerit in vulputate velit esse molestie consequat, vel illum dolore eu feugiat nulla facilisis at vero eros et accumsan et iusto odio dignissim qui blandit praesent luptatum zzril delenit augue duis dolore te feugait nulla facilisi. \n\nNam liber tempor cum soluta nobis eleifend option congue nihil imperdiet doming id quod mazim placerat facer possim assum. Lorem ipsum dolor sit amet, consectetuer adipiscing elit, sed diam nonummy nibh euismod tincidunt ut laoreet dolore magna aliquam erat volutpat. Ut wisi enim ad minim veniam, quis nostrud exerci tation ullamcorper suscipit lobortis nisl ut aliquip ex ea commodo consequat. \n\nDuis autem vel eum iriure dolor in hendrerit in vulputate velit esse molestie consequat, vel illum dolore eu feugiat nulla facilisis. \n\nAt vero eos et accusam et justo duo dolores et ea rebum. Stet clita kasd gubergren, no sea takimata sanctus est Lorem ipsum dolor sit amet. Lorem ipsum dolor sit amet, consetetur sadipscing elitr, sed diam nonumy eirmod tempor invidunt ut labore et dolore magna aliquyam erat, sed diam voluptua. At vero eos et accusam et justo duo dolores et ea rebum. Stet clita kasd gubergren, no sea takimata sanctus est Lorem ipsum dolor sit amet. Lorem ipsum dolor sit amet, consetetur sadipscing elitr, At accusam aliquyam diam diam dolore dolores duo eirmod eos erat, et nonumy sed tempor et et invidunt justo labore Stet clita ea et gubergren, kasd magna no rebum. sanctus sea sed takimata ut vero voluptua. est Lorem ipsum dolor sit amet. Lorem ipsum dolor sit amet, consetetur sadipscing elitr, sed diam nonumy eirmod tempor invidunt ut labore et dolore magna aliquyam erat. \n\nConsetetur sadipscing elitr, sed diam nonumy eirmod tempor invidunt ut labore et dolore magna aliquyam erat, sed diam voluptua. At vero eos et accusam et justo duo dolores et ea rebum. Stet clita kasd gubergren, no sea takimata sanctus est Lorem ipsum dolor sit amet. Lorem ipsum dolor sit amet, consetetur sadipscing elitr, sed diam nonumy eirmod tempor invidunt ut labore et dolore magna aliquyam erat, sed diam voluptua. At vero eos et accusam et justo duo dolores et ea rebum. Stet clita kasd gubergren, no sea takimata sanctus est Lorem ipsum dolor sit amet. Lorem ipsum dolor sit amet, consetetur sadipscing elitr, sed diam nonumy eirmod tempor invidunt ut labore et dolore magna aliquyam erat, sed diam voluptua. At vero eos et accusam et justo duo dolores et ea rebum. Stet clita kasd gubergren, no sea takimata sanctus. \n\nLorem ipsum dolor sit amet, consetetur sadipscing elitr, sed diam nonumy eirmod tempor invidunt ut labore et dolore magna aliquyam erat, sed diam voluptua. At vero eos et accusam et justo duo dolores et ea rebum. Stet clita kasd gubergren, no sea takimata sanctus est Lorem ipsum dolor sit amet. Lorem ipsum dolor sit amet, consetetur sadipscing elitr, sed diam nonumy eirmod tempor invidunt ut labore et dolore magna aliquyam erat, sed diam voluptua. At vero eos et accusam et justo duo dolores et ea rebum. Stet clita kasd gubergren, no sea takimata sanctus est Lorem ipsum dolor sit amet. Lorem ipsum dolor sit amet, consetetur sadipscing elitr, sed diam nonumy eirmod tempor invidunt ut labore et dolore magna aliquyam erat, sed diam voluptua. At vero eos et accusam et justo duo dolores et ea rebum. Stet clita kasd gubergren, no sea takimata sanctus est Lorem ipsum dolor sit amet. \n\nDuis autem vel eum iriure dolor in hendrerit in vulputate velit esse molestie consequat, vel illum dolore eu feugiat nulla facilisis at vero eros et accumsan et iusto odio dignissim qui blandit praesent luptatum zzril delenit augue duis dolore te feugait nulla facilisi. Lorem ipsum dolor sit amet, consectetuer adipiscing elit, sed diam nonummy nibh euismod tincidunt ut laoreet dolore magna aliquam erat volutpat. \n\nUt wisi enim ad minim veniam, quis nostrud exerci tation ullamcorper suscipit lobortis nisl ut aliquip ex ea commodo consequat. Duis autem vel eum iriure dolor in hendrerit in vulputate velit esse molestie consequat, vel illum dolore eu feugiat nulla facilisis at vero eros et accumsan et iusto odio dignissim qui blandit praesent luptatum zzril delenit augue duis dolore te feugait nulla facilisi. \n\nNam liber tempor cum soluta nobis eleifend option congue nihil imperdiet doming id quod mazim placerat facer possim assum. Lorem ipsum dolor sit amet, consectetuer adipiscing elit, sed diam nonummy nibh euismod tincidunt ut laoreet dolore magna aliquam erat volutpat. Ut wisi enim ad minim veniam, quis nostrud exerci tation ullamcorper suscipit lobortis nisl ut aliquip ex ea commodo consequat. \n\nDuis autem vel eum iriure dolor in hendrerit in vulputate velit esse molestie consequat, vel illum dolore eu feugiat nulla facilisis. \n\nAt vero eos et accusam et justo duo dolores et ea rebum. Stet clita kasd gubergren, no sea takimata sanctus est Lorem ipsum dolor sit amet. Lorem ipsum dolor sit amet, consetetur sadipscing elitr, sed diam nonumy eirmod tempor invidunt ut labore et dolore magna aliquyam erat, sed diam voluptua. At vero eos et accusam et justo duo dolores et ea rebum. Stet clita kasd gubergren, no sea takimata sanctus est Lorem ipsum dolor sit amet. Lorem ipsum dolor sit amet, consetetur sadipscing elitr, At accusam aliquyam diam diam dolore dolores duo eirmod eos erat, et nonumy sed tempor et et invidunt justo labore Stet clita ea et gubergren, kasd magna no rebum. sanctus sea sed takimata ut vero voluptua. est Lorem ipsum dolor sit amet. Lorem ipsum dolor sit amet, consetetur sadipscing elitr, sed diam nonumy eirmod tempor invidunt ut labore et dolore magna aliquyam erat. \n\nConsetetur sadipscing elitr, sed diam nonumy eirmod tempor invidunt ut labore et dolore magna aliquyam erat, sed diam voluptua. At vero eos et accusam et justo duo dolores et ea rebum. Stet clita kasd gubergren, no sea takimata sanctus est Lorem ipsum dolor sit amet. Lorem ipsum dolor sit amet, consetetur sadipscing elitr, sed diam nonumy eirmod tempor invidunt ut labore et dolore magna aliquyam erat, sed diam voluptua. At vero eos et accusam et justo duo dolores et ea rebum. Stet clita kasd gubergren, no sea takimata sanctus est Lorem ipsum dolor sit amet. Lorem ipsum dolor sit amet, consetetur sadipscing elitr, sed diam nonumy eirmod tempor invidunt ut labore et dolore magna aliquyam erat, sed diam voluptua. At vero eos et accusam et justo duo dolores et ea rebum. Stet clita kasd gubergren, no sea takimata sanctus. \n\nLorem ipsum dolor sit amet, consetetur sadipscing elitr, sed diam nonumy eirmod tempor invidunt ut labore et dolore magna aliquyam erat, sed diam voluptua. At vero eos et accusam et justo duo dolores et ea rebum. Stet clita kasd gubergren, no sea takimata sanctus est Lorem ipsum dolor sit amet. Lorem ipsum dolor sit amet, consetetur sadipscing elitr, sed diam nonumy eirmod tempor invidunt ut labore et dolore magna aliquyam erat, sed diam voluptua. At vero eos et accusam et justo duo dolores et ea rebum. Stet clita kasd gubergren, no sea takimata sanctus est Lorem ipsum dolor sit amet. Lorem ipsum dolor sit amet, consetetur sadipscing elitr, sed diam nonumy eirmod tempor invidunt ut labore et dolore magna aliquyam erat, sed diam voluptua. At vero eos et accusam et justo duo dolores et ea rebum. Stet clita kasd gubergren, no sea takimata sanctus est Lorem ipsum dolor sit amet. \n\nDuis autem vel eum iriure dolor in hendrerit in vulputate velit esse molestie consequat, vel illum dolore eu feugiat nulla facilisis at vero eros et accumsan et iusto odio dignissim qui blandit praesent luptatum zzril delenit augue duis dolore te feugait nulla facilisi. Lorem ipsum dolor sit amet, consectetuer adipiscing elit, sed diam nonummy nibh euismod tincidunt ut laoreet dolore magna aliquam erat volutpat. \n\nUt wisi enim ad minim veniam, quis nostrud exerci tation ullamcorper suscipit lobortis nisl ut aliquip ex ea commodo consequat. Duis autem vel eum iriure dolor in hendrerit in vulputate velit esse molestie consequat, vel illum dolore eu feugiat nulla facilisis at vero eros et accumsan et iusto odio dignissim qui blandit praesent luptatum zzril delenit augue duis dolore te feugait nulla facilisi. \n\nNam liber tempor cum soluta nobis eleifend option congue nihil imperdiet doming id quod mazim placerat facer possim assum. Lorem ipsum dolor sit amet, consectetuer adipiscing elit, sed diam nonummy nibh euismod tincidunt ut laoreet dolore magna aliquam erat volutpat. Ut wisi enim ad minim veniam, quis nostrud exerci tation ullamcorper suscipit lobortis nisl ut aliquip ex ea commodo consequat. \n\nDuis autem vel eum iriure dolor in hendrerit in vulputate velit esse molestie consequat, vel illum dolore eu feugiat nulla facilisis. \n\nAt vero eos et accusam et justo duo dolores et ea rebum. Stet clita kasd gubergren, no sea takimata sanctus est Lorem ipsum dolor sit amet. Lorem ipsum dolor sit amet, consetetur sadipscing elitr, sed diam nonumy eirmod tempor invidunt ut labore et dolore magna aliquyam erat, sed diam voluptua. At vero eos et accusam et justo duo dolores et ea rebum. Stet clita kasd gubergren, no sea takimata sanctus est Lorem ipsum dolor sit amet. Lorem ipsum dolor sit amet, consetetur sadipscing elitr, At accusam aliquyam diam diam dolore dolores duo eirmod eos erat, et nonumy sed tempor et et invidunt justo labore Stet clita ea et gubergren, kasd magna no rebum. sanctus sea sed takimata ut vero voluptua. est Lorem ipsum dolor sit amet. Lorem ipsum dolor sit amet, consetetur sadipscing elitr, sed diam nonumy eirmod tempor invidunt ut labore et dolore magna aliquyam erat. \n\nConsetetur sadipscing elitr, sed diam nonumy eirmod tempor invidunt ut labore et dolore magna aliquyam erat, sed diam voluptua. At vero eos et accusam et justo duo dolores et ea rebum. Stet clita kasd gubergren, no sea takimata sanctus est Lorem ipsum dolor sit amet. Lorem ipsum dolor sit amet, consetetur sadipscing elitr, sed diam nonumy eirmod tempor invidunt ut labore et dolore magna aliquyam erat, sed diam voluptua. At vero eos et accusam et justo duo dolores et ea rebum. Stet clita kasd gubergren, no sea takimata sanctus est Lorem ipsum dolor sit amet. Lorem ipsum dolor sit amet, consetetur sadipscing elitr, sed diam nonumy eirmod tempor invidunt ut labore et dolore magna aliquyam erat, sed diam voluptua. At vero eos et accusam et justo duo dolores et ea rebum. Stet clita kasd gubergren, no sea takimata sanctus. \n\nLorem ipsum dolor sit amet, consetetur sadipscing elitr, sed diam nonumy eirmod tempor invidunt ut labore et dolore magna aliquyam erat, sed diam voluptua. At vero eos et accusam et justo duo dolores et ea rebum. Stet clita kasd gubergren, no sea takimata sanctus est Lorem ipsum dolor sit amet. Lorem ipsum dolor sit amet, consetetur sadipscing elitr, sed diam nonumy eirmod tempor invidunt ut labore et dolore magna aliquyam erat, sed diam voluptua. At vero eos et accusam et justo duo dolores et ea rebum. Stet clita kasd gubergren, no sea takimata sanctus est Lorem ipsum dolor sit amet. Lorem ipsum dolor sit amet, consetetur sadipscing elitr, sed diam nonumy eirmod tempor invidunt ut labore et dolore magna aliquyam erat, sed diam voluptua. At vero eos et accusam et justo duo dolores et ea rebum. Stet clita kasd gubergren, no sea takimata sanctus est Lorem ipsum dolor sit amet. \n\nDuis autem vel eum iriure dolor in hendrerit in vulputate velit esse molestie consequat, vel illum dolore eu feugiat nulla facilisis at vero eros et accumsan et iusto odio dignissim qui blandit praesent luptatum zzril delenit augue duis dolore te feugait nulla facilisi. Lorem ipsum dolor sit amet, consectetuer adipiscing elit, sed diam nonummy nibh euismod tincidunt ut laoreet dolore magna aliquam erat volutpat. \n\nUt wisi enim ad minim veniam, quis nostrud exerci tation ullamcorper suscipit lobortis nisl ut aliquip ex ea commodo consequat. Duis autem vel eum iriure dolor in hendrerit in vulputate velit esse molestie consequat, vel illum dolore eu feugiat nulla facilisis at vero eros et accumsan et iusto odio dignissim qui blandit praesent luptatum zzril delenit augue duis dolore te feugait nulla facilisi. \n\nNam liber tempor cum soluta nobis eleifend option congue nihil imperdiet doming id quod mazim placerat facer possim assum. Lorem ipsum dolor sit amet, consectetuer adipiscing elit, sed diam nonummy nibh euismod tincidunt ut laoreet dolore magna aliquam erat volutpat. Ut wisi enim ad minim veniam, quis nostrud exerci tation ullamcorper suscipit lobortis nisl ut aliquip ex ea commodo consequat. \n\nDuis autem vel eum iriure dolor in hendrerit in vulputate velit esse molestie consequat, vel illum dolore eu feugiat nulla facilisis. \n\nAt vero eos et accusam et justo duo dolores et ea rebum. Stet clita kasd gubergren, no sea takimata sanctus est Lorem ipsum dolor sit amet. Lorem ipsum dolor sit amet, consetetur sadipscing elitr, sed diam nonumy eirmod tempor invidunt ut labore et dolore magna aliquyam erat, sed diam voluptua. At vero eos et accusam et justo duo dolores et ea rebum. Stet clita kasd gubergren, no sea takimata sanctus est Lorem ipsum dolor sit amet. Lorem ipsum dolor sit amet, consetetur sadipscing elitr, At accusam aliquyam diam diam dolore dolores duo eirmod eos erat, et nonumy sed tempor et et invidunt justo labore Stet clita ea et gubergren, kasd magna no rebum. sanctus sea sed takimata ut vero voluptua. est Lorem ipsum dolor sit amet. Lorem ipsum dolor sit amet, consetetur sadipscing elitr, sed diam nonumy eirmod tempor invidunt ut labore et dolore magna aliquyam erat. \n\nConsetetur sadipscing elitr, sed diam nonumy eirmod tempor invidunt ut labore et dolore magna aliquyam erat, sed diam voluptua. At vero eos et accusam et justo duo dolores et ea rebum. Stet clita kasd gubergren, no sea takimata sanctus est Lorem ipsum dolor sit amet. Lorem ipsum dolor sit amet, consetetur sadipscing elitr, sed diam nonumy eirmod tempor invidunt ut labore et dolore magna aliquyam erat, sed diam voluptua. At vero eos et accusam et justo duo dolores et ea rebum. Stet clita kasd gubergren, no sea takimata sanctus est Lorem ipsum dolor sit amet. Lorem ipsum dolor sit amet, consetetur sadipscing elitr, sed diam nonumy eirmod tempor invidunt ut labore et dolore magna aliquyam erat, sed diam voluptua. At vero eos et accusam et justo duo dolores et ea rebum. Stet clita kasd gubergren, no sea takimata sanctus. \n\nLorem ipsum dolor sit amet, consetetur sadipscing elitr, sed diam nonumy eirmod tempor invidunt ut labore et dolore magna aliquyam erat, sed diam voluptua. At vero eos et accusam et justo duo dolores et ea rebum. Stet clita kasd gubergren, no sea takimata sanctus est Lorem ipsum dolor sit amet. Lorem ipsum dolor sit amet, consetetur sadipscing elitr, sed diam nonumy eirmod tempor invidunt ut labore et dolore magna aliquyam erat, sed diam voluptua. At vero eos et accusam et justo duo dolores et ea rebum. Stet clita kasd gubergren, no sea takimata sanctus est Lorem ipsum dolor sit amet. Lorem ipsum dolor sit amet, consetetur sadipscing elitr, sed diam nonumy eirmod tempor invidunt ut labore et dolore magna aliquyam erat, sed diam voluptua. At vero eos et accusam et justo duo dolores et ea rebum. Stet clita kasd gubergren, no sea takimata sanctus est Lorem ipsum dolor sit amet. \n\nDuis autem vel eum iriure dolor in hendrerit in vulputate velit esse molestie consequat, vel illum dolore eu feugiat nulla facilisis at vero eros et accumsan et iusto odio dignissim qui blandit praesent luptatum zzril delenit augue duis dolore te feugait nulla facilisi. Lorem ipsum dolor sit amet, consectetuer adipiscing elit, sed diam nonummy nibh euismod tincidunt ut laoreet dolore magna aliquam erat volutpat. \n\nUt wisi enim ad minim veniam, quis nostrud exerci tation ullamcorper suscipit lobortis nisl ut aliquip ex ea commodo consequat. Duis autem vel eum iriure dolor in hendrerit in vulputate velit esse molestie consequat, vel illum dolore eu feugiat nulla facilisis at vero eros et accumsan et iusto odio dignissim qui blandit praesent luptatum zzril delenit augue duis dolore te feugait nulla facilisi. \n\nNam liber tempor cum soluta nobis eleifend option congue nihil imperdiet doming id quod mazim placerat facer possim assum. Lorem ipsum dolor sit amet, consectetuer adipiscing elit, sed diam nonummy nibh euismod tincidunt ut laoreet dolore magna aliquam erat volutpat. Ut wisi enim ad minim veniam, quis nostrud exerci tation ullamcorper suscipit lobortis nisl ut aliquip ex ea commodo consequat. \n\nDuis autem vel eum iriure dolor in hendrerit in vulputate velit esse molestie consequat, vel illum dolore eu feugiat nulla facilisis. \n\nAt vero eos et accusam et justo duo dolores et ea rebum. Stet clita kasd gubergren, no sea takimata sanctus est Lorem ipsum dolor sit amet. Lorem ipsum dolor sit amet, consetetur sadipscing elitr, sed diam nonumy eirmod tempor invidunt ut labore et dolore magna aliquyam erat, sed diam voluptua. At vero eos et accusam et justo duo dolores et ea rebum. Stet clita kasd gubergren, no sea takimata sanctus est Lorem ipsum dolor sit amet. Lorem ipsum dolor sit amet, consetetur sadipscing elitr, At accusam aliquyam diam diam dolore dolores duo eirmod eos erat, et nonumy sed tempor et et invidunt justo labore Stet clita ea et gubergren, kasd magna no rebum. sanctus sea sed takimata ut vero voluptua. est Lorem ipsum dolor sit amet. Lorem ipsum dolor sit amet, consetetur sadipscing elitr, sed diam nonumy eirmod tempor invidunt ut labore et dolore magna aliquyam erat. \n\nConsetetur sadipscing elitr, sed diam nonumy eirmod tempor invidunt ut labore et dolore magna aliquyam erat, sed diam voluptua. At vero eos et accusam et justo duo dolores et ea rebum. Stet clita kasd gubergren, no sea takimata sanctus est Lorem ipsum dolor sit amet. Lorem ipsum dolor sit amet, consetetur sadipscing elitr, sed diam nonumy eirmod tempor invidunt ut labore et dolore magna aliquyam erat, sed diam voluptua. At vero eos et accusam et justo duo dolores et ea rebum. Stet clita kasd gubergren, no sea takimata sanctus est Lorem ipsum dolor sit amet. Lorem ipsum dolor sit amet, consetetur sadipscing elitr, sed diam nonumy eirmod tempor invidunt ut labore et dolore magna aliquyam erat, sed diam voluptua. At vero eos et accusam et justo duo dolores et ea rebum. Stet clita kasd gubergren, no sea takimata sanctus. \n\nLorem ipsum dolor sit amet, consetetur sadipscing elitr, sed diam nonumy eirmod tempor invidunt ut labore et dolore magna aliquyam erat, sed diam voluptua. At vero eos et accusam et justo duo dolores et ea rebum. Stet clita kasd gubergren, no sea takimata sanctus est Lorem ipsum dolor sit amet. Lorem ipsum dolor sit amet, consetetur sadipscing elitr, sed diam nonumy eirmod tempor invidunt ut labore et dolore magna aliquyam erat, sed diam voluptua. At vero eos et accusam et justo duo dolores et ea rebum. Stet clita kasd gubergren, no sea takimata sanctus est Lorem ipsum dolor sit amet. Lorem ipsum dolor sit amet, consetetur sadipscing elitr, sed diam nonumy eirmod tempor invidunt ut labore et dolore magna aliquyam erat, sed diam voluptua. At vero eos et accusam et justo duo dolores et ea rebum. Stet clita kasd gubergren, no sea takimata sanctus est Lorem ipsum dolor sit amet. \n\nDuis autem vel eum iriure dolor in hendrerit in vulputate velit esse molestie consequat, vel illum dolore eu feugiat nulla facilisis at vero eros et accumsan et iusto odio dignissim qui blandit praesent luptatum zzril delenit augue duis dolore te feugait nulla facilisi. Lorem ipsum dolor sit amet, consectetuer adipiscing elit, sed diam nonummy nibh euismod tincidunt ut laoreet dolore magna aliquam erat volutpat. \n\nUt wisi enim ad minim veniam, quis nostrud exerci tation ullamcorper suscipit lobortis nisl ut aliquip ex ea commodo consequat. Duis autem vel eum iriure dolor in hendrerit in vulputate velit esse molestie consequat, vel illum dolore eu feugiat nulla facilisis at vero eros et accumsan et iusto odio dignissim qui blandit praesent luptatum zzril delenit augue duis dolore te feugait nulla facilisi. \n\nNam liber tempor cum soluta nobis eleifend option congue nihil imperdiet doming id quod mazim placerat facer possim assum. Lorem ipsum dolor sit amet, consectetuer adipiscing elit, sed diam nonummy nibh euismod tincidunt ut laoreet dolore magna aliquam erat volutpat. Ut wisi enim ad minim veniam, quis nostrud exerci tation ullamcorper suscipit lobortis nisl ut aliquip ex ea commodo consequat. \n\nDuis autem vel eum iriure dolor in hendrerit in vulputate velit esse molestie consequat, vel illum dolore eu feugiat nulla facilisis. \n\nAt vero eos et accusam et justo duo dolores et ea rebum. Stet clita kasd gubergren, no sea takimata sanctus est Lorem ipsum dolor sit amet. Lorem ipsum dolor sit amet, consetetur sadipscing elitr, sed diam nonumy eirmod tempor invidunt ut labore et dolore magna aliquyam erat, sed diam voluptua. At vero eos et accusam et justo duo dolores et ea rebum. Stet clita kasd gubergren, no sea takimata sanctus est Lorem ipsum dolor sit amet. Lorem ipsum dolor sit amet, consetetur sadipscing elitr, At accusam aliquyam diam diam dolore dolores duo eirmod eos erat, et nonumy sed tempor et et invidunt justo labore Stet clita ea et gubergren, kasd magna no rebum. sanctus sea sed takimata ut vero voluptua. est Lorem ipsum dolor sit amet. Lorem ipsum dolor sit amet, consetetur sadipscing elitr, sed diam nonumy eirmod tempor invidunt ut labore et dolore magna aliquyam erat. \n\nConsetetur sadipscing elitr, sed diam nonumy eirmod tempor invidunt ut labore et dolore magna aliquyam erat, sed diam voluptua. At vero eos et accusam et justo duo dolores et ea rebum. Stet clita kasd gubergren, no sea takimata sanctus est Lorem ipsum dolor sit amet. Lorem ipsum dolor sit amet, consetetur sadipscing elitr, sed diam nonumy eirmod tempor invidunt ut labore et dolore magna aliquyam erat, sed diam voluptua. At vero eos et accusam et justo duo dolores et ea rebum. Stet clita kasd gubergren, no sea takimata sanctus est Lorem ipsum dolor sit amet. Lorem ipsum dolor sit amet, consetetur sadipscing elitr, sed diam nonumy eirmod tempor invidunt ut labore et dolore magna aliquyam erat, sed diam voluptua. At vero eos et accusam et justo duo dolores et ea rebum. Stet clita kasd gubergren, no sea takimata sanctus. \n\nLorem ipsum dolor sit amet, consetetur sadipscing elitr, sed diam nonumy eirmod tempor invidunt ut labore et dolore magna aliquyam erat, sed diam voluptua. At vero eos et accusam et justo duo dolores et ea rebum. Stet clita kasd gubergren, no sea takimata sanctus est Lorem ipsum dolor sit amet. Lorem ipsum dolor sit amet, consetetur sadipscing elitr, sed diam nonumy eirmod tempor invidunt ut labore et dolore magna aliquyam erat, sed diam voluptua. At vero eos et accusam et justo duo dolores et ea rebum. Stet clita kasd gubergren, no sea takimata sanctus est Lorem ipsum dolor sit amet. Lorem ipsum dolor sit amet, consetetur sadipscing elitr, sed diam nonumy eirmod tempor invidunt ut labore et dolore magna aliquyam erat, sed diam voluptua. At vero eos et accusam et justo duo dolores et ea rebum. Stet clita kasd gubergren, no sea takimata sanctus est Lorem ipsum dolor sit amet. \n\nDuis autem vel eum iriure dolor in hendrerit in vulputate velit esse molestie consequat, vel illum dolore eu feugiat nulla facilisis at vero eros et accumsan et iusto odio dignissim qui blandit praesent luptatum zzril delenit augue duis dolore te feugait nulla facilisi. Lorem ipsum dolor sit amet, consectetuer adipiscing elit, sed diam nonummy nibh euismod tincidunt ut laoreet dolore magna aliquam erat volutpat. \n\nUt wisi enim ad minim veniam, quis nostrud exerci tation ullamcorper suscipit lobortis nisl ut aliquip ex ea commodo consequat. Duis autem vel eum iriure dolor in hendrerit in vulputate velit esse molestie consequat, vel illum dolore eu feugiat nulla facilisis at vero eros et accumsan et iusto odio dignissim qui blandit praesent luptatum zzril delenit augue duis dolore te feugait nulla facilisi. \n\nNam liber tempor cum soluta nobis eleifend option congue nihil imperdiet doming id quod mazim placerat facer possim assum. Lorem ipsum dolor sit amet, consectetuer adipiscing elit, sed diam nonummy nibh euismod tincidunt ut laoreet dolore magna aliquam erat volutpat. Ut wisi enim ad minim veniam, quis nostrud exerci tation ullamcorper suscipit lobortis nisl ut aliquip ex ea commodo consequat. \n\nDuis autem vel eum iriure dolor in hendrerit in vulputate velit esse molestie consequat, vel illum dolore eu feugiat nulla facilisis. \n\nAt vero eos et accusam et justo duo dolores et ea rebum. Stet clita kasd gubergren, no sea takimata sanctus est Lorem ipsum dolor sit amet. Lorem ipsum dolor sit amet, consetetur sadipscing elitr, sed diam nonumy eirmod tempor invidunt ut labore et dolore magna aliquyam erat, sed diam voluptua. At vero eos et accusam et justo duo dolores et ea rebum. Stet clita kasd gubergren, no sea takimata sanctus est Lorem ipsum dolor sit amet. Lorem ipsum dolor sit amet, consetetur sadipscing elitr, At accusam aliquyam diam diam dolore dolores duo eirmod eos erat, et nonumy sed tempor et et invidunt justo labore Stet clita ea et gubergren, kasd magna no rebum. sanctus sea sed takimata ut vero voluptua. est Lorem ipsum dolor sit amet. Lorem ipsum dolor sit amet, consetetur sadipscing elitr, sed diam nonumy eirmod tempor invidunt ut labore et dolore magna aliquyam erat. \n\nConsetetur sadipscing elitr, sed diam nonumy eirmod tempor invidunt ut labore et dolore magna aliquyam erat, sed diam voluptua. At vero eos et accusam et justo duo dolores et ea rebum. Stet clita kasd gubergren, no sea takimata sanctus est Lorem ipsum dolor sit amet. Lorem ipsum dolor sit amet, consetetur sadipscing elitr, sed diam nonumy eirmod tempor invidunt ut labore et dolore magna aliquyam erat, sed diam voluptua. At vero eos et accusam et justo duo dolores et ea rebum. Stet clita kasd gubergren, no sea takimata sanctus est Lorem ipsum dolor sit amet. Lorem ipsum dolor sit amet, consetetur sadipscing elitr, sed diam nonumy eirmod tempor invidunt ut labore et dolore magna aliquyam erat, sed diam voluptua. At vero eos et accusam et justo duo dolores et ea rebum. Stet clita kasd gubergren, no sea takimata sanctus. \n\nLorem ipsum dolor sit amet, consetetur sadipscing elitr, sed diam nonumy eirmod tempor invidunt ut labore et dolore magna aliquyam erat, sed diam voluptua. At vero eos et accusam et justo duo dolores et ea rebum. Stet clita kasd gubergren, no sea takimata sanctus est Lorem ipsum dolor sit amet. Lorem ipsum dolor sit amet, consetetur sadipscing elitr, sed diam nonumy eirmod tempor invidunt ut labore et dolore magna aliquyam erat, sed diam voluptua. At vero eos et accusam et justo duo dolores et ea rebum. Stet clita kasd gubergren, no sea takimata sanctus est Lorem ipsum dolor sit amet. Lorem ipsum dolor sit amet, consetetur sadipscing elitr, sed diam nonumy eirmod tempor invidunt ut labore et dolore magna aliquyam erat, sed diam voluptua. At vero eos et accusam et justo duo dolores et ea rebum. Stet clita kasd gubergren, no sea takimata sanctus est Lorem ipsum dolor sit amet. \n\nDuis autem vel eum iriure dolor in hendrerit in vulputate velit esse molestie consequat, vel illum dolore eu feugiat nulla facilisis at vero eros et accumsan et iusto odio dignissim qui blandit praesent luptatum zzril delenit augue duis dolore te feugait nulla facilisi. Lorem ipsum dolor sit amet, consectetuer adipiscing elit, sed diam nonummy nibh euismod tincidunt ut laoreet dolore magna aliquam erat volutpat. \n\nUt wisi enim ad minim veniam, quis nostrud exerci tation ullamcorper suscipit lobortis nisl ut aliquip ex ea commodo consequat. Duis autem vel eum iriure dolor in hendrerit in vulputate velit esse molestie consequat, vel illum dolore eu feugiat nulla facilisis at vero eros et accumsan et iusto odio dignissim qui blandit praesent luptatum zzril delenit augue duis dolore te feugait nulla facilisi. \n\nNam liber tempor cum soluta nobis eleifend option congue nihil imperdiet doming id quod mazim placerat facer possim assum. Lorem ipsum dolor sit amet, consectetuer adipiscing elit, sed diam nonummy nibh euismod tincidunt ut laoreet dolore magna aliquam erat volutpat. Ut wisi enim ad minim veniam, quis nostrud exerci tation ullamcorper suscipit lobortis nisl ut aliquip ex ea commodo consequat. \n\nDuis autem vel eum iriure dolor in hendrerit in vulputate velit esse molestie consequat, vel illum dolore eu feugiat nulla facilisis. \n\nAt vero eos et accusam et justo duo dolores et ea rebum. Stet clita kasd gubergren, no sea takimata sanctus est Lorem ipsum dolor sit amet. Lorem ipsum dolor sit amet, consetetur sadipscing elitr, sed diam nonumy eirmod tempor invidunt ut labore et dolore magna aliquyam erat, sed diam voluptua. At vero eos et accusam et justo duo dolores et ea rebum. Stet clita kasd gubergren, no sea takimata sanctus est Lorem ipsum dolor sit amet. Lorem ipsum dolor sit amet, consetetur sadipscing elitr, At accusam aliquyam diam diam dolore dolores duo eirmod eos erat, et nonumy sed tempor et et invidunt justo labore Stet clita ea et gubergren, kasd magna no rebum. sanctus sea sed takimata ut vero voluptua. est Lorem ipsum dolor sit amet. Lorem ipsum dolor sit amet, consetetur sadipscing elitr, sed diam nonumy eirmod tempor invidunt ut labore et dolore magna aliquyam erat. \n\nConsetetur sadipscing elitr, sed diam nonumy eirmod tempor invidunt ut labore et dolore magna aliquyam erat, sed diam voluptua. At vero eos et accusam et justo duo dolores et ea rebum. Stet clita kasd gubergren, no sea takimata sanctus est Lorem ipsum dolor sit amet. Lorem ipsum dolor sit amet, consetetur sadipscing elitr, sed diam nonumy eirmod tempor invidunt ut labore et dolore magna aliquyam erat, sed diam voluptua. At vero eos et accusam et justo duo dolores et ea rebum. Stet clita kasd gubergren, no sea takimata sanctus est Lorem ipsum dolor sit amet. Lorem ipsum dolor sit amet, consetetur sadipscing elitr, sed diam nonumy eirmod tempor invidunt ut labore et dolore magna aliquyam erat, sed diam voluptua. At vero eos et accusam et justo duo dolores et ea rebum. Stet clita kasd gubergren, no sea takimata sanctus. \n\nLorem ipsum dolor sit amet, consetetur sadipscing elitr, sed diam nonumy eirmod tempor invidunt ut labore et dolore magna aliquyam erat, sed diam voluptua. At vero eos et accusam et justo duo dolores et ea rebum. Stet clita kasd gubergren, no sea takimata sanctus est Lorem ipsum dolor sit amet. Lorem ipsum dolor sit amet, consetetur sadipscing elitr, sed diam nonumy eirmod tempor invidunt ut labore et dolore magna aliquyam erat, sed diam voluptua. At vero eos et accusam et justo duo dolores et ea rebum. Stet clita kasd gubergren, no sea takimata sanctus est Lorem ipsum dolor sit amet. Lorem ipsum dolor sit amet, consetetur sadipscing elitr, sed diam nonumy eirmod tempor invidunt ut labore et dolore magna aliquyam erat, sed diam voluptua. At vero eos et accusam et justo duo dolores et ea rebum. Stet clita kasd gubergren, no sea takimata sanctus est Lorem ipsum dolor sit amet. \n\nDuis autem vel eum iriure dolor in hendrerit in vulputate velit esse molestie consequat, vel illum dolore eu feugiat nulla facilisis at vero eros et accumsan et iusto odio dignissim qui blandit praesent luptatum zzril delenit augue duis dolore te feugait nulla facilisi. Lorem ipsum dolor sit amet, consectetuer adipiscing elit, sed diam nonummy nibh euismod tincidunt ut laoreet dolore magna aliquam erat volutpat. \n\nUt wisi enim ad minim veniam, quis nostrud exerci tation ullamcorper suscipit lobortis nisl ut aliquip ex ea commodo consequat. Duis autem vel eum iriure dolor in hendrerit in vulputate velit esse molestie consequat, vel illum dolore eu feugiat nulla facilisis at vero eros et accumsan et iusto odio dignissim qui blandit praesent luptatum zzril delenit augue duis dolore te feugait nulla facilisi. \n\nNam liber tempor cum soluta nobis eleifend option congue nihil imperdiet doming id quod mazim placerat facer possim assum. Lorem ipsum dolor sit amet, consectetuer adipiscing elit, sed diam nonummy nibh euismod tincidunt ut laoreet dolore magna aliquam erat volutpat. Ut wisi enim ad minim veniam, quis nostrud exerci tation ullamcorper suscipit lobortis nisl ut aliquip ex ea commodo consequat. \n\nDuis autem vel eum iriure dolor in hendrerit in vulputate velit esse molestie consequat, vel illum dolore eu feugiat nulla facilisis. \n\nAt vero eos et accusam et justo duo dolores et ea rebum. Stet clita kasd gubergren, no sea takimata sanctus est Lorem ipsum dolor sit amet. Lorem ipsum dolor sit amet, consetetur sadipscing elitr, sed diam nonumy eirmod tempor invidunt ut labore et dolore magna aliquyam erat, sed diam voluptua. At vero eos et accusam et justo duo dolores et ea rebum. Stet clita kasd gubergren, no sea takimata sanctus est Lorem ipsum dolor sit amet. Lorem ipsum dolor sit amet, consetetur sadipscing elitr, At accusam aliquyam diam diam dolore dolores duo eirmod eos erat, et nonumy sed tempor et et invidunt justo labore Stet clita ea et gubergren, kasd magna no rebum. sanctus sea sed takimata ut vero voluptua. est Lorem ipsum dolor sit amet. Lorem ipsum dolor sit amet, consetetur sadipscing elitr, sed diam nonumy eirmod tempor invidunt ut labore et dolore magna aliquyam erat. \n\nConsetetur sadipscing elitr, sed diam nonumy eirmod tempor invidunt ut labore et dolore magna aliquyam erat, sed diam voluptua. At vero eos et accusam et justo duo dolores et ea rebum. Stet clita kasd gubergren, no sea takimata sanctus est Lorem ipsum dolor sit amet. Lorem ipsum dolor sit amet, consetetur sadipscing elitr, sed diam nonumy eirmod tempor invidunt ut labore et dolore magna aliquyam erat, sed diam voluptua. At vero eos et accusam et justo duo dolores et ea rebum. Stet clita kasd gubergren, no sea takimata sanctus est Lorem ipsum dolor sit amet. Lorem ipsum dolor sit amet, consetetur sadipscing elitr, sed diam nonumy eirmod tempor invidunt ut labore et dolore magna aliquyam erat, sed diam voluptua. At vero eos et accusam et justo duo dolores et ea rebum. Stet clita kasd gubergren, no sea takimata sanctus. \n\nLorem ipsum dolor sit amet, consetetur sadipscing elitr, sed diam nonumy eirmod tempor invidunt ut labore et dolore magna aliquyam erat, sed diam voluptua. At vero eos et accusam et justo duo dolores et ea rebum. Stet clita kasd gubergren, no sea takimata sanctus est Lorem ipsum dolor sit amet. Lorem ipsum dolor sit amet, consetetur sadipscing elitr, sed diam nonumy eirmod tempor invidunt ut labore et dolore magna aliquyam erat, sed diam voluptua. At vero eos et accusam et justo duo dolores et ea rebum. Stet clita kasd gubergren, no sea takimata sanctus est Lorem ipsum dolor sit amet. Lorem ipsum dolor sit amet, consetetur sadipscing elitr, sed diam nonumy eirmod tempor invidunt ut labore et dolore magna aliquyam erat, sed diam voluptua. At vero eos et accusam et justo duo dolores et ea rebum. Stet clita kasd gubergren, no sea takimata sanctus est Lorem ipsum dolor sit amet. \n\nDuis autem vel eum iriure dolor in hendrerit in vulputate velit esse molestie consequat, vel illum dolore eu feugiat nulla facilisis at vero eros et accumsan et iusto odio dignissim qui blandit praesent luptatum zzril delenit augue duis dolore te feugait nulla facilisi. Lorem ipsum dolor sit amet, consectetuer adipiscing elit, sed diam nonummy nibh euismod tincidunt ut laoreet dolore magna aliquam erat volutpat. \n\nUt wisi enim ad minim veniam, quis nostrud exerci tation ullamcorper suscipit lobortis nisl ut aliquip ex ea commodo consequat. Duis autem vel eum iriure dolor in hendrerit in vulputate velit esse molestie consequat, vel illum dolore eu feugiat nulla facilisis at vero eros et accumsan et iusto odio dignissim qui blandit praesent luptatum zzril delenit augue duis dolore te feugait nulla facilisi. \n\nNam liber tempor cum soluta nobis eleifend option congue nihil imperdiet doming id quod mazim placerat facer possim assum. Lorem ipsum dolor sit amet, consectetuer adipiscing elit, sed diam nonummy nibh euismod tincidunt ut laoreet dolore magna aliquam erat volutpat. Ut wisi enim ad minim veniam, quis nostrud exerci tation ullamcorper suscipit lobortis nisl ut aliquip ex ea commodo consequat. \n\nDuis autem vel eum iriure dolor in hendrerit in vulputate velit esse molestie consequat, vel illum dolore eu feugiat nulla facilisis. \n\nAt vero eos et accusam et justo duo dolores et ea rebum. Stet clita kasd gubergren, no sea takimata sanctus est Lorem ipsum dolor sit amet. Lorem ipsum dolor sit amet, consetetur sadipscing elitr, sed diam nonumy eirmod tempor invidunt ut labore et dolore magna aliquyam erat, sed diam voluptua. At vero eos et accusam et justo duo dolores et ea rebum. Stet clita kasd gubergren, no sea takimata sanctus est Lorem ipsum dolor sit amet. Lorem ipsum dolor sit amet, consetetur sadipscing elitr, At accusam aliquyam diam diam dolore dolores duo eirmod eos erat, et nonumy sed tempor et et invidunt justo labore Stet clita ea et gubergren, kasd magna no rebum. sanctus sea sed takimata ut vero voluptua. est Lorem ipsum dolor sit amet. Lorem ipsum dolor sit amet, consetetur sadipscing elitr, sed diam nonumy eirmod tempor invidunt ut labore et dolore magna aliquyam erat. \n\nConsetetur sadipscing elitr, sed diam nonumy eirmod tempor invidunt ut labore et dolore magna aliquyam erat, sed diam voluptua. At vero eos et accusam et justo duo dolores et ea rebum. Stet clita kasd gubergren, no sea takimata sanctus est Lorem ipsum dolor sit amet. Lorem ipsum dolor sit amet, consetetur sadipscing elitr, sed diam nonumy eirmod tempor invidunt ut labore et dolore magna aliquyam erat, sed diam voluptua. At vero eos et accusam et justo duo dolores et ea rebum. Stet clita kasd gubergren, no sea takimata sanctus est Lorem ipsum dolor sit amet. Lorem ipsum dolor sit amet, consetetur sadipscing elitr, sed diam nonumy eirmod tempor invidunt ut labore et dolore magna aliquyam erat, sed diam voluptua. At vero eos et accusam et justo duo dolores et ea rebum. Stet clita kasd gubergren, no sea takimata sanctus. \n\nLorem ipsum dolor sit amet, consetetur sadipscing elitr, sed diam nonumy eirmod tempor invidunt ut labore et dolore magna aliquyam erat, sed diam voluptua. At vero eos et accusam et justo duo dolores et ea rebum. Stet clita kasd gubergren, no sea takimata sanctus est Lorem ipsum dolor sit amet. Lorem ipsum dolor sit amet, consetetur sadipscing elitr, sed diam nonumy eirmod tempor invidunt ut labore et dolore magna aliquyam erat, sed diam voluptua. At vero eos et accusam et justo duo dolores et ea rebum. Stet clita kasd gubergren, no sea takimata sanctus est Lorem ipsum dolor sit amet. Lorem ipsum dolor sit amet, consetetur sadipscing elitr, sed diam nonumy eirmod tempor invidunt ut labore et dolore magna aliquyam erat, sed diam voluptua. At vero eos et accusam et justo duo dolores et ea rebum. Stet clita kasd gubergren, no sea takimata sanctus est Lorem ipsum dolor sit amet. \n\nDuis autem vel eum iriure dolor in hendrerit in vulputate velit esse molestie consequat, vel illum dolore eu feugiat nulla facilisis at vero eros et accumsan et iusto odio dignissim qui blandit praesent luptatum zzril delenit augue duis dolore te feugait nulla facilisi. Lorem ipsum dolor sit amet, consectetuer adipiscing elit, sed diam nonummy nibh euismod tincidunt ut laoreet dolore magna aliquam erat volutpat. \n\nUt wisi enim ad minim veniam, quis nostrud exerci tation ullamcorper suscipit lobortis nisl ut aliquip ex ea commodo consequat. Duis autem vel eum iriure dolor in hendrerit in vulputate velit esse molestie consequat, vel illum dolore eu feugiat nulla facilisis at vero eros et accumsan et iusto odio dignissim qui blandit praesent luptatum zzril delenit augue duis dolore te feugait nulla facilisi. \n\nNam liber tempor cum soluta nobis eleifend option congue nihil imperdiet doming id quod mazim placerat facer possim assum. Lorem ipsum dolor sit amet, consectetuer adipiscing elit, sed diam nonummy nibh euismod tincidunt ut laoreet dolore magna aliquam erat volutpat. Ut wisi enim ad minim veniam, quis nostrud exerci tation ullamcorper suscipit lobortis nisl ut aliquip ex ea commodo consequat. \n\nDuis autem vel eum iriure dolor in hendrerit in vulputate velit esse molestie consequat, vel illum dolore eu feugiat nulla facilisis. \n\nAt vero eos et accusam et justo duo dolores et ea rebum. Stet clita kasd gubergren, no sea takimata sanctus est Lorem ipsum dolor sit amet. Lorem ipsum dolor sit amet, consetetur sadipscing elitr, sed diam nonumy eirmod tempor invidunt ut labore et dolore magna aliquyam erat, sed diam voluptua. At vero eos et accusam et justo duo dolores et ea rebum. Stet clita kasd gubergren, no sea takimata sanctus est Lorem ipsum dolor sit amet. Lorem ipsum dolor sit amet, consetetur sadipscing elitr, At accusam aliquyam diam diam dolore dolores duo eirmod eos erat, et nonumy sed tempor et et invidunt justo labore Stet clita ea et gubergren, kasd magna no rebum. sanctus sea sed takimata ut vero voluptua. est Lorem ipsum dolor sit amet. Lorem ipsum dolor sit amet, consetetur sadipscing elitr, sed diam nonumy eirmod tempor invidunt ut labore et dolore magna aliquyam erat. \n\nConsetetur sadipscing elitr, sed diam nonumy eirmod tempor invidunt ut labore et dolore magna aliquyam erat, sed diam voluptua. At vero eos et accusam et justo duo dolores et ea rebum. Stet clita kasd gubergren, no sea takimata sanctus est Lorem ipsum dolor sit amet. Lorem ipsum dolor sit amet, consetetur sadipscing elitr, sed diam nonumy eirmod tempor invidunt ut labore et dolore magna aliquyam erat, sed diam voluptua. At vero eos et accusam et justo duo dolores et ea rebum. Stet clita kasd gubergren, no sea takimata sanctus est Lorem ipsum dolor sit amet. Lorem ipsum dolor sit amet, consetetur sadipscing elitr, sed diam nonumy eirmod tempor invidunt ut labore et dolore magna aliquyam erat, sed diam voluptua. At vero eos et accusam et justo duo dolores et ea rebum. Stet clita kasd gubergren, no sea takimata sanctus. \n\nLorem ipsum dolor sit amet, consetetur sadipscing elitr, sed diam nonumy eirmod tempor invidunt ut labore et dolore magna aliquyam erat, sed diam voluptua. At vero eos et accusam et justo duo dolores et ea rebum. Stet clita kasd gubergren, no sea takimata sanctus est Lorem ipsum dolor sit amet. Lorem ipsum dolor sit amet, consetetur sadipscing elitr, sed diam nonumy eirmod tempor invidunt ut labore et dolore magna aliquyam erat, sed diam voluptua. At vero eos et accusam et justo duo dolores et ea rebum. Stet clita kasd gubergren, no sea takimata sanctus est Lorem ipsum dolor sit amet. Lorem ipsum dolor sit amet, consetetur sadipscing elitr, sed diam nonumy eirmod tempor invidunt ut labore et dolore magna aliquyam erat, sed diam voluptua. At vero eos et accusam et justo duo dolores et ea rebum. Stet clita kasd gubergren, no sea takimata sanctus est Lorem ipsum dolor sit amet. \n\nDuis autem vel eum iriure dolor in hendrerit in vulputate velit esse molestie consequat, vel illum dolore eu feugiat nulla facilisis at vero eros et accumsan et iusto odio dignissim qui blandit praesent luptatum zzril delenit augue duis dolore te feugait nulla facilisi. Lorem ipsum dolor sit amet, consectetuer adipiscing elit, sed diam nonummy nibh euismod tincidunt ut laoreet dolore magna aliquam erat volutpat. \n\nUt wisi enim ad minim veniam, quis nostrud exerci tation ullamcorper suscipit lobortis nisl ut aliquip ex ea commodo consequat. Duis autem vel eum iriure dolor in hendrerit in vulputate velit esse molestie consequat, vel illum dolore eu feugiat nulla facilisis at vero eros et accumsan et iusto odio dignissim qui blandit praesent luptatum zzril delenit augue duis dolore te feugait nulla facilisi. \n\nNam liber tempor cum soluta nobis eleifend option congue nihil imperdiet doming id quod mazim placerat facer possim assum. Lorem ipsum dolor sit amet, consectetuer adipiscing elit, sed diam nonummy nibh euismod tincidunt ut laoreet dolore magna aliquam erat volutpat. Ut wisi enim ad minim veniam, quis nostrud exerci tation ullamcorper suscipit lobortis nisl ut aliquip ex ea commodo consequat. \n\nDuis autem vel eum iriure dolor in hendrerit in vulputate velit esse molestie consequat, vel illum dolore eu feugiat nulla facilisis. \n\nAt vero eos et accusam et justo duo dolores et ea rebum. Stet clita kasd gubergren, no sea takimata sanctus est Lorem ipsum dolor sit amet. Lorem ipsum dolor sit amet, consetetur sadipscing elitr, sed diam nonumy eirmod tempor invidunt ut labore et dolore magna aliquyam erat, sed diam voluptua. At vero eos et accusam et justo duo dolores et ea rebum. Stet clita kasd gubergren, no sea takimata sanctus est Lorem ipsum dolor sit amet. Lorem ipsum dolor sit amet, consetetur sadipscing elitr, At accusam aliquyam diam diam dolore dolores duo eirmod eos erat, et nonumy sed tempor et et invidunt justo labore Stet clita ea et gubergren, kasd magna no rebum. sanctus sea sed takimata ut vero voluptua. est Lorem ipsum dolor sit amet. Lorem ipsum dolor sit amet, consetetur sadipscing elitr, sed diam nonumy eirmod tempor invidunt ut labore et dolore magna aliquyam erat. \n\nConsetetur sadipscing elitr, sed diam nonumy eirmod tempor invidunt ut labore et dolore magna aliquyam erat, sed diam voluptua. At vero eos et accusam et justo duo dolores et ea rebum. Stet clita kasd gubergren, no sea takimata sanctus est Lorem ipsum dolor sit amet. Lorem ipsum dolor sit amet, consetetur sadipscing elitr, sed diam nonumy eirmod tempor invidunt ut labore et dolore magna aliquyam erat, sed diam voluptua. At vero eos et accusam et justo duo dolores et ea rebum. Stet clita kasd gubergren, no sea takimata sanctus est Lorem ipsum dolor sit amet. Lorem ipsum dolor sit amet, consetetur sadipscing elitr, sed diam nonumy eirmod tempor invidunt ut labore et dolore magna aliquyam erat, sed diam voluptua. At vero eos et accusam et justo duo dolores et ea rebum. Stet clita kasd gubergren, no sea takimata sanctus. \n\nLorem ipsum dolor sit amet, consetetur sadipscing elitr, sed diam nonumy eirmod tempor invidunt ut labore et dolore magna aliquyam erat, sed diam voluptua. At vero eos et accusam et justo duo dolores et ea rebum. Stet clita kasd gubergren, no sea takimata sanctus est Lorem ipsum dolor sit amet. Lorem ipsum dolor sit amet, consetetur sadipscing elitr, sed diam nonumy eirmod tempor invidunt ut labore et dolore magna aliquyam erat, sed diam voluptua. At vero eos et accusam et justo duo dolores et ea rebum. Stet clita kasd gubergren, no sea takimata sanctus est Lorem ipsum dolor sit amet. Lorem ipsum dolor sit amet, consetetur sadipscing elitr, sed diam nonumy eirmod tempor invidunt ut labore et dolore magna aliquyam erat, sed diam voluptua. At vero eos et accusam et justo duo dolores et ea rebum. Stet clita kasd gubergren, no sea takimata sanctus est Lorem ipsum dolor sit amet. \n\nDuis autem vel eum iriure dolor in hendrerit in vulputate velit esse molestie consequat, vel illum dolore eu feugiat nulla facilisis at vero eros et accumsan et iusto odio dignissim qui blandit praesent luptatum zzril delenit augue duis dolore te feugait nulla facilisi. Lorem ipsum dolor sit amet, consectetuer adipiscing elit, sed diam nonummy nibh euismod tincidunt ut laoreet dolore magna aliquam erat volutpat. \n\nUt wisi enim ad minim veniam, quis nostrud exerci tation ullamcorper suscipit lobortis nisl ut aliquip ex ea commodo consequat. Duis autem vel eum iriure dolor in hendrerit in vulputate velit esse molestie consequat, vel illum dolore eu feugiat nulla facilisis at vero eros et accumsan et iusto odio dignissim qui blandit praesent luptatum zzril delenit augue duis dolore te feugait nulla facilisi. \n\nNam liber tempor cum soluta nobis eleifend option congue nihil imperdiet doming id quod mazim placerat facer possim assum. Lorem ipsum dolor sit amet, consectetuer adipiscing elit, sed diam nonummy nibh euismod tincidunt ut laoreet dolore magna aliquam erat volutpat. Ut wisi enim ad minim veniam, quis nostrud exerci tation ullamcorper suscipit lobortis nisl ut aliquip ex ea commodo consequat. \n\nDuis autem vel eum iriure dolor in hendrerit in vulputate velit esse molestie consequat, vel illum dolore eu feugiat nulla facilisis. \n\nAt vero eos et accusam et justo duo dolores et ea rebum. Stet clita kasd gubergren, no sea takimata sanctus est Lorem ipsum dolor sit amet. Lorem ipsum dolor sit amet, consetetur sadipscing elitr, sed diam nonumy eirmod tempor invidunt ut labore et dolore magna aliquyam erat, sed diam voluptua. At vero eos et accusam et justo duo dolores et ea rebum. Stet clita kasd gubergren, no sea takimata sanctus est Lorem ipsum dolor sit amet. Lorem ipsum dolor sit amet, consetetur sadipscing elitr, At accusam aliquyam diam diam dolore dolores duo eirmod eos erat, et nonumy sed tempor et et invidunt justo labore Stet clita ea et gubergren, kasd magna no rebum. sanctus sea sed takimata ut vero voluptua. est Lorem ipsum dolor sit amet. Lorem ipsum dolor sit amet, consetetur sadipscing elitr, sed diam nonumy eirmod tempor invidunt ut labore et dolore magna aliquyam erat. \n\nConsetetur sadipscing elitr, sed diam nonumy eirmod tempor invidunt ut labore et dolore magna aliquyam erat, sed diam voluptua. At vero eos et accusam et justo duo dolores et ea rebum. Stet clita kasd gubergren, no sea takimata sanctus est Lorem ipsum dolor sit amet. Lorem ipsum dolor sit amet, consetetur sadipscing elitr, sed diam nonumy eirmod tempor invidunt ut labore et dolore magna aliquyam erat, sed diam voluptua. At vero eos et accusam et justo duo dolores et ea rebum. Stet clita kasd gubergren, no sea takimata sanctus est Lorem ipsum dolor sit amet. Lorem ipsum dolor sit amet, consetetur sadipscing elitr, sed diam nonumy eirmod tempor invidunt ut labore et dolore magna aliquyam erat, sed diam voluptua. At vero eos et accusam et justo duo dolores et ea rebum. Stet clita kasd gubergren, no sea takimata sanctus. \n\nLorem ipsum dolor sit amet, consetetur sadipscing elitr, sed diam nonumy eirmod tempor invidunt ut labore et dolore magna aliquyam erat, sed diam voluptua. At vero eos et accusam et justo duo dolores et ea rebum. Stet clita kasd gubergren, no sea takimata sanctus est Lorem ipsum dolor sit amet. Lorem ipsum dolor sit amet, consetetur sadipscing elitr, sed diam nonumy eirmod tempor invidunt ut labore et dolore magna aliquyam erat, sed diam voluptua. At vero eos et accusam et justo duo dolores et ea rebum. Stet clita kasd gubergren, no sea takimata sanctus est Lorem ipsum dolor sit amet. Lorem ipsum dolor sit amet, consetetur sadipscing elitr, sed diam nonumy eirmod tempor invidunt ut labore et dolore magna aliquyam erat, sed diam voluptua. At vero eos et accusam et justo duo dolores et ea rebum. Stet clita kasd gubergren, no sea takimata sanctus est Lorem ipsum dolor sit amet. \n\nDuis autem vel eum iriure dolor in hendrerit in vulputate velit esse molestie consequat, vel illum dolore eu feugiat nulla facilisis at vero eros et accumsan et iusto odio dignissim qui blandit praesent luptatum zzril delenit augue duis dolore te feugait nulla facilisi. Lorem ipsum dolor sit amet, consectetuer adipiscing elit, sed diam nonummy nibh euismod tincidunt ut laoreet dolore magna aliquam erat volutpat. \n\nUt wisi enim ad minim veniam, quis nostrud exerci tation ullamcorper suscipit lobortis nisl ut aliquip ex ea commodo consequat. Duis autem vel eum iriure dolor in hendrerit in vulputate velit esse molestie consequat, vel illum dolore eu feugiat nulla facilisis at vero eros et accumsan et iusto odio dignissim qui blandit praesent luptatum zzril delenit augue duis dolore te feugait nulla facilisi. \n\nNam liber tempor cum soluta nobis eleifend option congue nihil imperdiet doming id quod mazim placerat facer possim assum. Lorem ipsum dolor sit amet, consectetuer adipiscing elit, sed diam nonummy nibh euismod tincidunt ut laoreet dolore magna aliquam erat volutpat. Ut wisi enim ad minim veniam, quis nostrud exerci tation ullamcorper suscipit lobortis nisl ut aliquip ex ea commodo consequat. \n\nDuis autem vel eum iriure dolor in hendrerit in vulputate velit esse molestie consequat, vel illum dolore eu feugiat nulla facilisis. \n\nAt vero eos et accusam et justo duo dolores et ea rebum. Stet clita kasd gubergren, no sea takimata sanctus est Lorem ipsum dolor sit amet. Lorem ipsum dolor sit amet, consetetur sadipscing elitr, sed diam nonumy eirmod tempor invidunt ut labore et dolore magna aliquyam erat, sed diam voluptua. At vero eos et accusam et justo duo dolores et ea rebum. Stet clita kasd gubergren, no sea takimata sanctus est Lorem ipsum dolor sit amet. Lorem ipsum dolor sit amet, consetetur sadipscing elitr, At accusam aliquyam diam diam dolore dolores duo eirmod eos erat, et nonumy sed tempor et et invidunt justo labore Stet clita ea et gubergren, kasd magna no rebum. sanctus sea sed takimata ut vero voluptua. est Lorem ipsum dolor sit amet. Lorem ipsum dolor sit amet, consetetur sadipscing elitr, sed diam nonumy eirmod tempor invidunt ut labore et dolore magna aliquyam erat. \n\nConsetetur sadipscing elitr, sed diam nonumy eirmod tempor invidunt ut labore et dolore magna aliquyam erat, sed diam voluptua. At vero eos et accusam et justo duo dolores et ea rebum. Stet clita kasd gubergren, no sea takimata sanctus est Lorem ipsum dolor sit amet. Lorem ipsum dolor sit amet, consetetur sadipscing elitr, sed diam nonumy eirmod tempor invidunt ut labore et dolore magna aliquyam erat, sed diam voluptua. At vero eos et accusam et justo duo dolores et ea rebum. Stet clita kasd gubergren, no sea takimata sanctus est Lorem ipsum dolor sit amet. Lorem ipsum dolor sit amet, consetetur sadipscing elitr, sed diam nonumy eirmod tempor invidunt ut labore et dolore magna aliquyam erat, sed diam voluptua. At vero eos et accusam et justo duo dolores et ea rebum. Stet clita kasd gubergren, no sea takimata sanctus. \n\nLorem ipsum dolor sit amet, consetetur sadipscing elitr, sed diam nonumy eirmod tempor invidunt ut labore et dolore magna aliquyam erat, sed diam voluptua. At vero eos et accusam et justo duo dolores et ea rebum. Stet clita kasd gubergren, no sea takimata sanctus est Lorem ipsum dolor sit amet. Lorem ipsum dolor sit amet, consetetur sadipscing elitr, sed diam nonumy eirmod tempor invidunt ut labore et dolore magna aliquyam erat, sed diam voluptua. At vero eos et accusam et justo duo dolores et ea rebum. Stet clita kasd gubergren, no sea takimata sanctus est Lorem ipsum dolor sit amet. Lorem ipsum dolor sit amet, consetetur sadipscing elitr, sed diam nonumy eirmod tempor invidunt ut labore et dolore magna aliquyam erat, sed diam voluptua. At vero eos et accusam et justo duo dolores et ea rebum. Stet clita kasd gubergren, no sea takimata sanctus est Lorem ipsum dolor sit amet. \n\nDuis autem vel eum iriure dolor in hendrerit in vulputate velit esse molestie consequat, vel illum dolore eu feugiat nulla facilisis at vero eros et accumsan et iusto odio dignissim qui blandit praesent luptatum zzril delenit augue duis dolore te feugait nulla facilisi. Lorem ipsum dolor sit amet, consectetuer adipiscing elit, sed diam nonummy nibh euismod tincidunt ut laoreet dolore magna aliquam erat volutpat. \n\nUt wisi enim ad minim veniam, quis nostrud exerci tation ullamcorper suscipit lobortis nisl ut aliquip ex ea commodo consequat. Duis autem vel eum iriure dolor in hendrerit in vulputate velit esse molestie consequat, vel illum dolore eu feugiat nulla facilisis at vero eros et accumsan et iusto odio dignissim qui blandit praesent luptatum zzril delenit augue duis dolore te feugait nulla facilisi. \n\nNam liber tempor cum soluta nobis eleifend option congue nihil imperdiet doming id quod mazim placerat facer possim assum. Lorem ipsum dolor sit amet, consectetuer adipiscing elit, sed diam nonummy nibh euismod tincidunt ut laoreet dolore magna aliquam erat volutpat. Ut wisi enim ad minim veniam, quis nostrud exerci tation ullamcorper suscipit lobortis nisl ut aliquip ex ea commodo consequat. \n\nDuis autem vel eum iriure dolor in hendrerit in vulputate velit esse molestie consequat, vel illum dolore eu feugiat nulla facilisis. \n\nAt vero eos et accusam et justo duo dolores et ea rebum. Stet clita kasd gubergren, no sea takimata sanctus est Lorem ipsum dolor sit amet. Lorem ipsum dolor sit amet, consetetur sadipscing elitr, sed diam nonumy eirmod tempor invidunt ut labore et dolore magna aliquyam erat, sed diam voluptua. At vero eos et accusam et justo duo dolores et ea rebum. Stet clita kasd gubergren, no sea takimata sanctus est Lorem ipsum dolor sit amet. Lorem ipsum dolor sit amet, consetetur sadipscing elitr, At accusam aliquyam diam diam dolore dolores duo eirmod eos erat, et nonumy sed tempor et et invidunt justo labore Stet clita ea et gubergren, kasd magna no rebum. sanctus sea sed takimata ut vero voluptua. est Lorem ipsum dolor sit amet. Lorem ipsum dolor sit amet, consetetur sadipscing elitr, sed diam nonumy eirmod tempor invidunt ut labore et dolore magna aliquyam erat. \n\nConsetetur sadipscing elitr, sed diam nonumy eirmod tempor invidunt ut labore et dolore magna aliquyam erat, sed diam voluptua. At vero eos et accusam et justo duo dolores et ea rebum. Stet clita kasd gubergren, no sea takimata sanctus est Lorem ipsum dolor sit amet. Lorem ipsum dolor sit amet, consetetur sadipscing elitr, sed diam nonumy eirmod tempor invidunt ut labore et dolore magna aliquyam erat, sed diam voluptua. At vero eos et accusam et justo duo dolores et ea rebum. Stet clita kasd gubergren, no sea takimata sanctus est Lorem ipsum dolor sit amet. Lorem ipsum dolor sit amet, consetetur sadipscing elitr, sed diam nonumy eirmod tempor invidunt ut labore et dolore magna aliquyam erat, sed diam voluptua. At vero eos et accusam et justo duo dolores et ea rebum. Stet clita kasd gubergren, no sea takimata sanctus. \n\nLorem ipsum dolor sit amet, consetetur sadipscing elitr, sed diam nonumy eirmod tempor invidunt ut labore et dolore magna aliquyam erat, sed diam voluptua. At vero eos et accusam et justo duo dolores et ea rebum. Stet clita kasd gubergren, no sea takimata sanctus est Lorem ipsum dolor sit amet. Lorem ipsum dolor sit amet, consetetur sadipscing elitr, sed diam nonumy eirmod tempor invidunt ut labore et dolore magna aliquyam erat, sed diam voluptua. At vero eos et accusam et justo duo dolores et ea rebum. Stet clita kasd gubergren, no sea takimata sanctus est Lorem ipsum dolor sit amet. Lorem ipsum dolor sit amet, consetetur sadipscing elitr, sed diam nonumy eirmod tempor invidunt ut labore et dolore magna aliquyam erat, sed diam voluptua. At vero eos et accusam et justo duo dolores et ea rebum. Stet clita kasd gubergren, no sea takimata sanctus est Lorem ipsum dolor sit amet. \n\nDuis autem vel eum iriure dolor in hendrerit in vulputate velit esse molestie consequat, vel illum dolore eu feugiat nulla facilisis at vero eros et accumsan et iusto odio dignissim qui blandit praesent luptatum zzril delenit augue duis dolore te feugait nulla facilisi. Lorem ipsum dolor sit amet, consectetuer adipiscing elit, sed diam nonummy nibh euismod tincidunt ut laoreet dolore magna aliquam erat volutpat. \n\nUt wisi enim ad minim veniam, quis nostrud exerci tation ullamcorper suscipit lobortis nisl ut aliquip ex ea commodo consequat. Duis autem vel eum iriure dolor in hendrerit in vulputate velit esse molestie consequat, vel illum dolore eu feugiat nulla facilisis at vero eros et accumsan et iusto odio dignissim qui blandit praesent luptatum zzril delenit augue duis dolore te feugait nulla facilisi. \n\nNam liber tempor cum soluta nobis eleifend option congue nihil imperdiet doming id quod mazim placerat facer possim assum. Lorem ipsum dolor sit amet, consectetuer adipiscing elit, sed diam nonummy nibh euismod tincidunt ut laoreet dolore magna aliquam erat volutpat. Ut wisi enim ad minim veniam, quis nostrud exerci tation ullamcorper suscipit lobortis nisl ut aliquip ex ea commodo consequat. \n\nDuis autem vel eum iriure dolor in hendrerit in vulputate velit esse molestie consequat, vel illum dolore eu feugiat nulla facilisis. \n\nAt vero eos et accusam et justo duo dolores et ea rebum. Stet clita kasd gubergren, no sea takimata sanctus est Lorem ipsum dolor sit amet. Lorem ipsum dolor sit amet, consetetur sadipscing elitr, sed diam nonumy eirmod tempor invidunt ut labore et dolore magna aliquyam erat, sed diam voluptua. At vero eos et accusam et justo duo dolores et ea rebum. Stet clita kasd gubergren, no sea takimata sanctus est Lorem ipsum dolor sit amet. Lorem ipsum dolor sit amet, consetetur sadipscing elitr, At accusam aliquyam diam diam dolore dolores duo eirmod eos erat, et nonumy sed tempor et et invidunt justo labore Stet clita ea et gubergren, kasd magna no rebum. sanctus sea sed takimata ut vero voluptua. est Lorem ipsum dolor sit amet. Lorem ipsum dolor sit amet, consetetur sadipscing elitr, sed diam nonumy eirmod tempor invidunt ut labore et dolore magna aliquyam erat. \n\nConsetetur sadipscing elitr, sed diam nonumy eirmod tempor invidunt ut labore et dolore magna aliquyam erat, sed diam voluptua. At vero eos et accusam et justo duo dolores et ea rebum. Stet clita kasd gubergren, no sea takimata sanctus est Lorem ipsum dolor sit amet. Lorem ipsum dolor sit amet, consetetur sadipscing elitr, sed diam nonumy eirmod tempor invidunt ut labore et dolore magna aliquyam erat, sed diam voluptua. At vero eos et accusam et justo duo dolores et ea rebum. Stet clita kasd gubergren, no sea takimata sanctus est Lorem ipsum dolor sit amet. Lorem ipsum dolor sit amet, consetetur sadipscing elitr, sed diam nonumy eirmod tempor invidunt ut labore et dolore magna aliquyam erat, sed diam voluptua. At vero eos et accusam et justo duo dolores et ea rebum. Stet clita kasd gubergren, no sea takimata sanctus. \n\nLorem ipsum dolor sit amet, consetetur sadipscing elitr, sed diam nonumy eirmod tempor invidunt ut labore et dolore magna aliquyam erat, sed diam voluptua. At vero eos et accusam et justo duo dolores et ea rebum. Stet clita kasd gubergren, no sea takimata sanctus est Lorem ipsum dolor sit amet. Lorem ipsum dolor sit amet, consetetur sadipscing elitr, sed diam nonumy eirmod tempor invidunt ut labore et dolore magna aliquyam erat, sed diam voluptua. At vero eos et accusam et justo duo dolores et ea rebum. Stet clita kasd gubergren, no sea takimata sanctus est Lorem ipsum dolor sit amet. Lorem ipsum dolor sit amet, consetetur sadipscing elitr, sed diam nonumy eirmod tempor invidunt ut labore et dolore magna aliquyam erat, sed diam voluptua. At vero eos et accusam et justo duo dolores et ea rebum. Stet clita kasd gubergren, no sea takimata sanctus est Lorem ipsum dolor sit amet. \n\nDuis autem vel eum iriure dolor in hendrerit in vulputate velit esse molestie consequat, vel illum dolore eu feugiat nulla facilisis at vero eros et accumsan et iusto odio dignissim qui blandit praesent luptatum zzril delenit augue duis dolore te feugait nulla facilisi. Lorem ipsum dolor sit amet, consectetuer adipiscing elit, sed diam nonummy nibh euismod tincidunt ut laoreet dolore magna aliquam erat volutpat. \n\nUt wisi enim ad minim veniam, quis nostrud exerci tation ullamcorper suscipit lobortis nisl ut aliquip ex ea commodo consequat. Duis autem vel eum iriure dolor in hendrerit in vulputate velit esse molestie consequat, vel illum dolore eu feugiat nulla facilisis at vero eros et accumsan et iusto odio dignissim qui blandit praesent luptatum zzril delenit augue duis dolore te feugait nulla facilisi. \n\nNam liber tempor cum soluta nobis eleifend option congue nihil imperdiet doming id quod mazim placerat facer possim assum. Lorem ipsum dolor sit amet, consectetuer adipiscing elit, sed diam nonummy nibh euismod tincidunt ut laoreet dolore magna aliquam erat volutpat. Ut wisi enim ad minim veniam, quis nostrud exerci tation ullamcorper suscipit lobortis nisl ut aliquip ex ea commodo consequat. \n\nDuis autem vel eum iriure dolor in hendrerit in vulputate velit esse molestie consequat, vel illum dolore eu feugiat nulla facilisis. \n\nAt vero eos et accusam et justo duo dolores et ea rebum. Stet clita kasd gubergren, no sea takimata sanctus est Lorem ipsum dolor sit amet. Lorem ipsum dolor sit amet, consetetur sadipscing elitr, sed diam nonumy eirmod tempor invidunt ut labore et dolore magna aliquyam erat, sed diam voluptua. At vero eos et accusam et justo duo dolores et ea rebum. Stet clita kasd gubergren, no sea takimata sanctus est Lorem ipsum dolor sit amet. Lorem ipsum dolor sit amet, consetetur sadipscing elitr, At accusam aliquyam diam diam dolore dolores duo eirmod eos erat, et nonumy sed tempor et et invidunt justo labore Stet clita ea et gubergren, kasd magna no rebum. sanctus sea sed takimata ut vero voluptua. est Lorem ipsum dolor sit amet. Lorem ipsum dolor sit amet, consetetur sadipscing elitr, sed diam nonumy eirmod tempor invidunt ut labore et dolore magna aliquyam erat. \n\nConsetetur sadipscing elitr, sed diam nonumy eirmod tempor invidunt ut labore et dolore magna aliquyam erat, sed diam voluptua. At vero eos et accusam et justo duo dolores et ea rebum. Stet clita kasd gubergren, no sea takimata sanctus est Lorem ipsum dolor sit amet. Lorem ipsum dolor sit amet, consetetur sadipscing elitr, sed diam nonumy eirmod tempor invidunt ut labore et dolore magna aliquyam erat, sed diam voluptua. At vero eos et accusam et justo duo dolores et ea rebum. Stet clita kasd gubergren, no sea takimata sanctus est Lorem ipsum dolor sit amet. Lorem ipsum dolor sit amet, consetetur sadipscing elitr, sed diam nonumy eirmod tempor invidunt ut labore et dolore magna aliquyam erat, sed diam voluptua. At vero eos et accusam et justo duo dolores et ea rebum. Stet clita kasd gubergren, no sea takimata sanctus. \n\nLorem ipsum dolor sit amet, consetetur sadipscing elitr, sed diam nonumy eirmod tempor invidunt ut labore et dolore magna aliquyam erat, sed diam voluptua. At vero eos et accusam et justo duo dolores et ea rebum. Stet clita kasd gubergren, no sea takimata sanctus est Lorem ipsum dolor sit amet. Lorem ipsum dolor sit amet, consetetur sadipscing elitr, sed diam nonumy eirmod tempor invidunt ut labore et dolore magna aliquyam erat, sed diam voluptua. At vero eos et accusam et justo duo dolores et ea rebum. Stet clita kasd gubergren, no sea takimata sanctus est Lorem ipsum dolor sit amet. Lorem ipsum dolor sit amet, consetetur sadipscing elitr, sed diam nonumy eirmod tempor invidunt ut labore et dolore magna aliquyam erat, sed diam voluptua. At vero eos et accusam et justo duo dolores et ea rebum. Stet clita kasd gubergren, no sea takimata sanctus est Lorem ipsum dolor sit amet. \n\nDuis autem vel eum iriure dolor in hendrerit in vulputate velit esse molestie consequat, vel illum dolore eu feugiat nulla facilisis at vero eros et accumsan et iusto odio dignissim qui blandit praesent luptatum zzril delenit augue duis dolore te feugait nulla facilisi. Lorem ipsum dolor sit amet, consectetuer adipiscing elit, sed diam nonummy nibh euismod tincidunt ut laoreet dolore magna aliquam erat volutpat. \n\nUt wisi enim ad minim veniam, quis nostrud exerci tation ullamcorper suscipit lobortis nisl ut aliquip ex ea commodo consequat. Duis autem vel eum iriure dolor in hendrerit in vulputate velit esse molestie consequat, vel illum dolore eu feugiat nulla facilisis at vero eros et accumsan et iusto odio dignissim qui blandit praesent luptatum zzril delenit augue duis dolore te feugait nulla facilisi. \n\nNam liber tempor cum soluta nobis eleifend option congue nihil imperdiet doming id quod mazim placerat facer possim assum. Lorem ipsum dolor sit amet, consectetuer adipiscing elit, sed diam nonummy nibh euismod tincidunt ut laoreet dolore magna aliquam erat volutpat. Ut wisi enim ad minim veniam, quis nostrud exerci tation ullamcorper suscipit lobortis nisl ut aliquip ex ea commodo consequat. \n\nDuis autem vel eum iriure dolor in hendrerit in vulputate velit esse molestie consequat, vel illum dolore eu feugiat nulla facilisis. \n\nAt vero eos et accusam et justo duo dolores et ea rebum. Stet clita kasd gubergren, no sea takimata sanctus est Lorem ipsum dolor sit amet. Lorem ipsum dolor sit amet, consetetur sadipscing elitr, sed diam nonumy eirmod tempor invidunt ut labore et dolore magna aliquyam erat, sed diam voluptua. At vero eos et accusam et justo duo dolores et ea rebum. Stet clita kasd gubergren, no sea takimata sanctus est Lorem ipsum dolor sit amet. Lorem ipsum dolor sit amet, consetetur sadipscing elitr, At accusam aliquyam diam diam dolore dolores duo eirmod eos erat, et nonumy sed tempor et et invidunt justo labore Stet clita ea et gubergren, kasd magna no rebum. sanctus sea sed takimata ut vero voluptua. est Lorem ipsum dolor sit amet. Lorem ipsum dolor sit amet, consetetur sadipscing elitr, sed diam nonumy eirmod tempor invidunt ut labore et dolore magna aliquyam erat. \n\nConsetetur sadipscing elitr, sed diam nonumy eirmod tempor invidunt ut labore et dolore magna aliquyam erat, sed diam voluptua. At vero eos et accusam et justo duo dolores et ea rebum. Stet clita kasd gubergren, no sea takimata sanctus est Lorem ipsum dolor sit amet. Lorem ipsum dolor sit amet, consetetur sadipscing elitr, sed diam nonumy eirmod tempor invidunt ut labore et dolore magna aliquyam erat, sed diam voluptua. At vero eos et accusam et justo duo dolores et ea rebum. Stet clita kasd gubergren, no sea takimata sanctus est Lorem ipsum dolor sit amet. Lorem ipsum dolor sit amet, consetetur sadipscing elitr, sed diam nonumy eirmod tempor invidunt ut labore et dolore magna aliquyam erat, sed diam voluptua. At vero eos et accusam et justo duo dolores et ea rebum. Stet clita kasd gubergren, no sea takimata sanctus. \n\nLorem ipsum dolor sit amet, consetetur sadipscing elitr, sed diam nonumy eirmod tempor invidunt ut labore et dolore magna aliquyam erat, sed diam voluptua. At vero eos et accusam et justo duo dolores et ea rebum. Stet clita kasd gubergren, no sea takimata sanctus est Lorem ipsum dolor sit amet. Lorem ipsum dolor sit amet, consetetur sadipscing elitr, sed diam nonumy eirmod tempor invidunt ut labore et dolore magna aliquyam erat, sed diam voluptua. At vero eos et accusam et justo duo dolores et ea rebum. Stet clita kasd gubergren, no sea takimata sanctus est Lorem ipsum dolor sit amet. Lorem ipsum dolor sit amet, consetetur sadipscing elitr, sed diam nonumy eirmod tempor invidunt ut labore et dolore magna aliquyam erat, sed diam voluptua. At vero eos et accusam et justo duo dolores et ea rebum. Stet clita kasd gubergren, no sea takimata sanctus est Lorem ipsum dolor sit amet. \n\nDuis autem vel eum iriure dolor in hendrerit in vulputate velit esse molestie consequat, vel illum dolore eu feugiat nulla facilisis at vero eros et accumsan et iusto odio dignissim qui blandit praesent luptatum zzril delenit augue duis dolore te feugait nulla facilisi. Lorem ipsum dolor sit amet, consectetuer adipiscing elit, sed diam nonummy nibh euismod tincidunt ut laoreet dolore magna aliquam erat volutpat. \n\nUt wisi enim ad minim veniam, quis nostrud exerci tation ullamcorper suscipit lobortis nisl ut aliquip ex ea commodo consequat. Duis autem vel eum iriure dolor in hendrerit in vulputate velit esse molestie consequat, vel illum dolore eu feugiat nulla facilisis at vero eros et accumsan et iusto odio dignissim qui blandit praesent luptatum zzril delenit augue duis dolore te feugait nulla facilisi. \n\nNam liber tempor cum soluta nobis eleifend option congue nihil imperdiet doming id quod mazim placerat facer possim assum. Lorem ipsum dolor sit amet, consectetuer adipiscing elit, sed diam nonummy nibh euismod tincidunt ut laoreet dolore magna aliquam erat volutpat. Ut wisi enim ad minim veniam, quis nostrud exerci tation ullamcorper suscipit lobortis nisl ut aliquip ex ea commodo consequat. \n\nDuis autem vel eum iriure dolor in hendrerit in vulputate velit esse molestie consequat, vel illum dolore eu feugiat nulla facilisis. \n\nAt vero eos et accusam et justo duo dolores et ea rebum. Stet clita kasd gubergren, no sea takimata sanctus est Lorem ipsum dolor sit amet. Lorem ipsum dolor sit amet, consetetur sadipscing elitr, sed diam nonumy eirmod tempor invidunt ut labore et dolore magna aliquyam erat, sed diam voluptua. At vero eos et accusam et justo duo dolores et ea rebum. Stet clita kasd gubergren, no sea takimata sanctus est Lorem ipsum dolor sit amet. Lorem ipsum dolor sit amet, consetetur sadipscing elitr, At accusam aliquyam diam diam dolore dolores duo eirmod eos erat, et nonumy sed tempor et et invidunt justo labore Stet clita ea et gubergren, kasd magna no rebum. sanctus sea sed takimata ut vero voluptua. est Lorem ipsum dolor sit amet. Lorem ipsum dolor sit amet, consetetur sadipscing elitr, sed diam nonumy eirmod tempor invidunt ut labore et dolore magna aliquyam erat. \n\nConsetetur sadipscing elitr, sed diam nonumy eirmod tempor invidunt ut labore et dolore magna aliquyam erat, sed diam voluptua. At vero eos et accusam et justo duo dolores et ea rebum. Stet clita kasd gubergren, no sea takimata sanctus est Lorem ipsum dolor sit amet. Lorem ipsum dolor sit amet, consetetur sadipscing elitr, sed diam nonumy eirmod tempor invidunt ut labore et dolore magna aliquyam erat, sed diam voluptua. At vero eos et accusam et justo duo dolores et ea rebum. Stet clita kasd gubergren, no sea takimata sanctus est Lorem ipsum dolor sit amet. Lorem ipsum dolor sit amet, consetetur sadipscing elitr, sed diam nonumy eirmod tempor invidunt ut labore et dolore magna aliquyam erat, sed diam voluptua. At vero eos et accusam et justo duo dolores et ea rebum. Stet clita kasd gubergren, no sea takimata sanctus. \n\nLorem ipsum dolor sit amet, consetetur sadipscing elitr, sed diam nonumy eirmod tempor invidunt ut labore et dolore magna aliquyam erat, sed diam voluptua. At vero eos et accusam et justo duo dolores et ea rebum. Stet clita kasd gubergren, no sea takimata sanctus est Lorem ipsum dolor sit amet. Lorem ipsum dolor sit amet, consetetur sadipscing elitr, sed diam nonumy eirmod tempor invidunt ut labore et dolore magna aliquyam erat, sed diam voluptua. At vero eos et accusam et justo duo dolores et ea rebum. Stet clita kasd gubergren, no sea takimata sanctus est Lorem ipsum dolor sit amet. Lorem ipsum dolor sit amet, consetetur sadipscing elitr, sed diam nonumy eirmod tempor invidunt ut labore et dolore magna aliquyam erat, sed diam voluptua. At vero eos et accusam et justo duo dolores et ea rebum. Stet clita kasd gubergren, no sea takimata sanctus est Lorem ipsum dolor sit amet. \n\nDuis autem vel eum iriure dolor in hendrerit in vulputate velit esse molestie consequat, vel illum dolore eu feugiat nulla facilisis at vero eros et accumsan et iusto odio dignissim qui blandit praesent luptatum zzril delenit augue duis dolore te feugait nulla facilisi. Lorem ipsum dolor sit amet, consectetuer adipiscing elit, sed diam nonummy nibh euismod tincidunt ut laoreet dolore magna aliquam erat volutpat. \n\nUt wisi enim ad minim veniam, quis nostrud exerci tation ullamcorper suscipit lobortis nisl ut aliquip ex ea commodo consequat. Duis autem vel eum iriure dolor in hendrerit in vulputate velit esse molestie consequat, vel illum dolore eu feugiat nulla facilisis at vero eros et accumsan et iusto odio dignissim qui blandit praesent luptatum zzril delenit augue duis dolore te feugait nulla facilisi. \n\nNam liber tempor cum soluta nobis eleifend option congue nihil imperdiet doming id quod mazim placerat facer possim assum. Lorem ipsum dolor sit amet, consectetuer adipiscing elit, sed diam nonummy nibh euismod tincidunt ut laoreet dolore magna aliquam erat volutpat. Ut wisi enim ad minim veniam, quis nostrud exerci tation ullamcorper suscipit lobortis nisl ut aliquip ex ea commodo consequat. \n\nDuis autem vel eum iriure dolor in hendrerit in vulputate velit esse molestie consequat, vel illum dolore eu feugiat nulla facilisis. \n\nAt vero eos et accusam et justo duo dolores et ea rebum. Stet clita kasd gubergren, no sea takimata sanctus est Lorem ipsum dolor sit amet. Lorem ipsum dolor sit amet, consetetur sadipscing elitr, sed diam nonumy eirmod tempor invidunt ut labore et dolore magna aliquyam erat, sed diam voluptua. At vero eos et accusam et justo duo dolores et ea rebum. Stet clita kasd gubergren, no sea takimata sanctus est Lorem ipsum dolor sit amet. Lorem ipsum dolor sit amet, consetetur sadipscing elitr, At accusam aliquyam diam diam dolore dolores duo eirmod eos erat, et nonumy sed tempor et et invidunt justo labore Stet clita ea et gubergren, kasd magna no rebum. sanctus sea sed takimata ut vero voluptua. est Lorem ipsum dolor sit amet. Lorem ipsum dolor sit amet, consetetur sadipscing elitr, sed diam nonumy eirmod tempor invidunt ut labore et dolore magna aliquyam erat. \n\nConsetetur sadipscing elitr, sed diam nonumy eirmod tempor invidunt ut labore et dolore magna aliquyam erat, sed diam voluptua. At vero eos et accusam et justo duo dolores et ea rebum. Stet clita kasd gubergren, no sea takimata sanctus est Lorem ipsum dolor sit amet. Lorem ipsum dolor sit amet, consetetur sadipscing elitr, sed diam nonumy eirmod tempor invidunt ut labore et dolore magna aliquyam erat, sed diam voluptua. At vero eos et accusam et justo duo dolores et ea rebum. Stet clita kasd gubergren, no sea takimata sanctus est Lorem ipsum dolor sit amet. Lorem ipsum dolor sit amet, consetetur sadipscing elitr, sed diam nonumy eirmod tempor invidunt ut labore et dolore magna aliquyam erat, sed diam voluptua. At vero eos et accusam et justo duo dolores et ea rebum. Stet clita kasd gubergren, no sea takimata sanctus. \n\nLorem ipsum dolor sit amet, consetetur sadipscing elitr, sed diam nonumy eirmod tempor invidunt ut labore et dolore magna aliquyam erat, sed diam voluptua. At vero eos et accusam et justo duo dolores et ea rebum. Stet clita kasd gubergren, no sea takimata sanctus est Lorem ipsum dolor sit amet. Lorem ipsum dolor sit amet, consetetur sadipscing elitr, sed diam nonumy eirmod tempor invidunt ut labore et dolore magna aliquyam erat, sed diam voluptua. At vero eos et accusam et justo duo dolores et ea rebum. Stet clita kasd gubergren, no sea takimata sanctus est Lorem ipsum dolor sit amet. Lorem ipsum dolor sit amet, consetetur sadipscing elitr, sed diam nonumy eirmod tempor invidunt ut labore et dolore magna aliquyam erat, sed diam voluptua. At vero eos et accusam et justo duo dolores et ea rebum. Stet clita kasd gubergren, no sea takimata sanctus est Lorem ipsum dolor sit amet. \n\nDuis autem vel eum iriure dolor in hendrerit in vulputate velit esse molestie consequat, vel illum dolore eu feugiat nulla facilisis at vero eros et accumsan et iusto odio dignissim qui blandit praesent luptatum zzril delenit augue duis dolore te feugait nulla facilisi. Lorem ipsum dolor sit amet, consectetuer adipiscing elit, sed diam nonummy nibh euismod tincidunt ut laoreet dolore magna aliquam erat volutpat. \n\nUt wisi enim ad minim veniam, quis nostrud exerci tation ullamcorper suscipit lobortis nisl ut aliquip ex ea commodo consequat. Duis autem vel eum iriure dolor in hendrerit in vulputate velit esse molestie consequat, vel illum dolore eu feugiat nulla facilisis at vero eros et accumsan et iusto odio dignissim qui blandit praesent luptatum zzril delenit augue duis dolore te feugait nulla facilisi. \n\nNam liber tempor cum soluta nobis eleifend option congue nihil imperdiet doming id quod mazim placerat facer possim assum. Lorem ipsum dolor sit amet, consectetuer adipiscing elit, sed diam nonummy nibh euismod tincidunt ut laoreet dolore magna aliquam erat volutpat. Ut wisi enim ad minim veniam, quis nostrud exerci tation ullamcorper suscipit lobortis nisl ut aliquip ex ea commodo consequat. \n\nDuis autem vel eum iriure dolor in hendrerit in vulputate velit esse molestie consequat, vel illum dolore eu feugiat nulla facilisis. \n\nAt vero eos et accusam et justo duo dolores et ea rebum. Stet clita kasd gubergren, no sea takimata sanctus est Lorem ipsum dolor sit amet. Lorem ipsum dolor sit amet, consetetur sadipscing elitr, sed diam nonumy eirmod tempor invidunt ut labore et dolore magna aliquyam erat, sed diam voluptua. At vero eos et accusam et justo duo dolores et ea rebum. Stet clita kasd gubergren, no sea takimata sanctus est Lorem ipsum dolor sit amet. Lorem ipsum dolor sit amet, consetetur sadipscing elitr, At accusam aliquyam diam diam dolore dolores duo eirmod eos erat, et nonumy sed tempor et et invidunt justo labore Stet clita ea et gubergren, kasd magna no rebum. sanctus sea sed takimata ut vero voluptua. est Lorem ipsum dolor sit amet. Lorem ipsum dolor sit amet, consetetur sadipscing elitr, sed diam nonumy eirmod tempor invidunt ut labore et dolore magna aliquyam erat. \n\nConsetetur sadipscing elitr, sed diam nonumy eirmod tempor invidunt ut labore et dolore magna aliquyam erat, sed diam voluptua. At vero eos et accusam et justo duo dolores et ea rebum. Stet clita kasd gubergren, no sea takimata sanctus est Lorem ipsum dolor sit amet. Lorem ipsum dolor sit amet, consetetur sadipscing elitr, sed diam nonumy eirmod tempor invidunt ut labore et dolore magna aliquyam erat, sed diam voluptua. At vero eos et accusam et justo duo dolores et ea rebum. Stet clita kasd gubergren, no sea takimata sanctus est Lorem ipsum dolor sit amet. Lorem ipsum dolor sit amet, consetetur sadipscing elitr, sed diam nonumy eirmod tempor invidunt ut labore et dolore magna aliquyam erat, sed diam voluptua. At vero eos et accusam et justo duo dolores et ea rebum. Stet clita kasd gubergren, no sea takimata sanctus. \n\nLorem ipsum dolor sit amet, consetetur sadipscing elitr, sed diam nonumy eirmod tempor invidunt ut labore et dolore magna aliquyam erat, sed diam voluptua. At vero eos et accusam et justo duo dolores et ea rebum. Stet clita kasd gubergren, no sea takimata sanctus est Lorem ipsum dolor sit amet. Lorem ipsum dolor sit amet, consetetur sadipscing elitr, sed diam nonumy eirmod tempor invidunt ut labore et dolore magna aliquyam erat, sed diam voluptua. At vero eos et accusam et justo duo dolores et ea rebum. Stet clita kasd gubergren, no sea takimata sanctus est Lorem ipsum dolor sit amet. Lorem ipsum dolor sit amet, consetetur sadipscing elitr, sed diam nonumy eirmod tempor invidunt ut labore et dolore magna aliquyam erat, sed diam voluptua. At vero eos et accusam et justo duo dolores et ea rebum. Stet clita kasd gubergren, no sea takimata sanctus est Lorem ipsum dolor sit amet. \n\nDuis autem vel eum iriure dolor in hendrerit in vulputate velit esse molestie consequat, vel illum dolore eu feugiat nulla facilisis at vero eros et accumsan et iusto odio dignissim qui blandit praesent luptatum zzril delenit augue duis dolore te feugait nulla facilisi. Lorem ipsum dolor sit amet, consectetuer adipiscing elit, sed diam nonummy nibh euismod tincidunt ut laoreet dolore magna aliquam erat volutpat. \n\nUt wisi enim ad minim veniam, quis nostrud exerci tation ullamcorper suscipit lobortis nisl ut aliquip ex ea commodo consequat. Duis autem vel eum iriure dolor in hendrerit in vulputate velit esse molestie consequat, vel illum dolore eu feugiat nulla facilisis at vero eros et accumsan et iusto odio dignissim qui blandit praesent luptatum zzril delenit augue duis dolore te feugait nulla facilisi. \n\nNam liber tempor cum soluta nobis eleifend option congue nihil imperdiet doming id quod mazim placerat facer possim assum. Lorem ipsum dolor sit amet, consectetuer adipiscing elit, sed diam nonummy nibh euismod tincidunt ut laoreet dolore magna aliquam erat volutpat. Ut wisi enim ad minim veniam, quis nostrud exerci tation ullamcorper suscipit lobortis nisl ut aliquip ex ea commodo consequat. \n\nDuis autem vel eum iriure dolor in hendrerit in vulputate velit esse molestie consequat, vel illum dolore eu feugiat nulla facilisis. \n\nAt vero eos et accusam et justo duo dolores et ea rebum. Stet clita kasd gubergren, no sea takimata sanctus est Lorem ipsum dolor sit amet. Lorem ipsum dolor sit amet, consetetur sadipscing elitr, sed diam nonumy eirmod tempor invidunt ut labore et dolore magna aliquyam erat, sed diam voluptua. At vero eos et accusam et justo duo dolores et ea rebum. Stet clita kasd gubergren, no sea takimata sanctus est Lorem ipsum dolor sit amet. Lorem ipsum dolor sit amet, consetetur sadipscing elitr, At accusam aliquyam diam diam dolore dolores duo eirmod eos erat, et nonumy sed tempor et et invidunt justo labore Stet clita ea et gubergren, kasd magna no rebum. sanctus sea sed takimata ut vero voluptua. est Lorem ipsum dolor sit amet. Lorem ipsum dolor sit amet, consetetur sadipscing elitr, sed diam nonumy eirmod tempor invidunt ut labore et dolore magna aliquyam erat. \n\nConsetetur sadipscing elitr, sed diam nonumy eirmod tempor invidunt ut labore et dolore magna aliquyam erat, sed diam voluptua. At vero eos et accusam et justo duo dolores et ea rebum. Stet clita kasd gubergren, no sea takimata sanctus est Lorem ipsum dolor sit amet. Lorem ipsum dolor sit amet, consetetur sadipscing elitr, sed diam nonumy eirmod tempor invidunt ut labore et dolore magna aliquyam erat, sed diam voluptua. At vero eos et accusam et justo duo dolores et ea rebum. Stet clita kasd gubergren, no sea takimata sanctus est Lorem ipsum dolor sit amet. Lorem ipsum dolor sit amet, consetetur sadipscing elitr, sed diam nonumy eirmod tempor invidunt ut labore et dolore magna aliquyam erat, sed diam voluptua. At vero eos et accusam et justo duo dolores et ea rebum. Stet clita kasd gubergren, no sea takimata sanctus. \n\nLorem ipsum dolor sit amet, consetetur sadipscing elitr, sed diam nonumy eirmod tempor invidunt ut labore et dolore magna aliquyam erat, sed diam voluptua. At vero eos et accusam et justo duo dolores et ea rebum. Stet clita kasd gubergren, no sea takimata sanctus est Lorem ipsum dolor sit amet. Lorem ipsum dolor sit amet, consetetur sadipscing elitr, sed diam nonumy eirmod tempor invidunt ut labore et dolore magna aliquyam erat, sed diam voluptua. At vero eos et accusam et justo duo dolores et ea rebum. Stet clita kasd gubergren, no sea takimata sanctus est Lorem ipsum dolor sit amet. Lorem ipsum dolor sit amet, consetetur sadipscing elitr, sed diam nonumy eirmod tempor invidunt ut labore et dolore magna aliquyam erat, sed diam voluptua. At vero eos et accusam et justo duo dolores et ea rebum. Stet clita kasd gubergren, no sea takimata sanctus est Lorem ipsum dolor sit amet. \n\nDuis autem vel eum iriure dolor in hendrerit in vulputate velit esse molestie consequat, vel illum dolore eu feugiat nulla facilisis at vero eros et accumsan et iusto odio dignissim qui blandit praesent luptatum zzril delenit augue duis dolore te feugait nulla facilisi. Lorem ipsum dolor sit amet, consectetuer adipiscing elit, sed diam nonummy nibh euismod tincidunt ut laoreet dolore magna aliquam erat volutpat. \n\nUt wisi enim ad minim veniam, quis nostrud exerci tation ullamcorper suscipit lobortis nisl ut aliquip ex ea commodo consequat. Duis autem vel eum iriure dolor in hendrerit in vulputate velit esse molestie consequat, vel illum dolore eu feugiat nulla facilisis at vero eros et accumsan et iusto odio dignissim qui blandit praesent luptatum zzril delenit augue duis dolore te feugait nulla facilisi. \n\nNam liber tempor cum soluta nobis eleifend option congue nihil imperdiet doming id quod mazim placerat facer possim assum. Lorem ipsum dolor sit amet, consectetuer adipiscing elit, sed diam nonummy nibh euismod tincidunt ut laoreet dolore magna aliquam erat volutpat. Ut wisi enim ad minim veniam, quis nostrud exerci tation ullamcorper suscipit lobortis nisl ut aliquip ex ea commodo consequat. \n\nDuis autem vel eum iriure dolor in hendrerit in vulputate velit esse molestie consequat, vel illum dolore eu feugiat nulla facilisis. \n\nAt vero eos et accusam et justo duo dolores et ea rebum. Stet clita kasd gubergren, no sea takimata sanctus est Lorem ipsum dolor sit amet. Lorem ipsum dolor sit amet, consetetur sadipscing elitr, sed diam nonumy eirmod tempor invidunt ut labore et dolore magna aliquyam erat, sed diam voluptua. At vero eos et accusam et justo duo dolores et ea rebum. Stet clita kasd gubergren, no sea takimata sanctus est Lorem ipsum dolor sit amet. Lorem ipsum dolor sit amet, consetetur sadipscing elitr, At accusam aliquyam diam diam dolore dolores duo eirmod eos erat, et nonumy sed tempor et et invidunt justo labore Stet clita ea et gubergren, kasd magna no rebum. sanctus sea sed takimata ut vero voluptua. est Lorem ipsum dolor sit amet. Lorem ipsum dolor sit amet, consetetur sadipscing elitr, sed diam nonumy eirmod tempor invidunt ut labore et dolore magna aliquyam erat. \n\nConsetetur sadipscing elitr, sed diam nonumy eirmod tempor invidunt ut labore et dolore magna aliquyam erat, sed diam voluptua. At vero eos et accusam et justo duo dolores et ea rebum. Stet clita kasd gubergren, no sea takimata sanctus est Lorem ipsum dolor sit amet. Lorem ipsum dolor sit amet, consetetur sadipscing elitr, sed diam nonumy eirmod tempor invidunt ut labore et dolore magna aliquyam erat, sed diam voluptua. At vero eos et accusam et justo duo dolores et ea rebum. Stet clita kasd gubergren, no sea takimata sanctus est Lorem ipsum dolor sit amet. Lorem ipsum dolor sit amet, consetetur sadipscing elitr, sed diam nonumy eirmod tempor invidunt ut labore et dolore magna aliquyam erat, sed diam voluptua. At vero eos et accusam et justo duo dolores et ea rebum. Stet clita kasd gubergren, no sea takimata sanctus. \n\nLorem ipsum dolor sit amet, consetetur sadipscing elitr, sed diam nonumy eirmod tempor invidunt ut labore et dolore magna aliquyam erat, sed diam voluptua. At vero eos et accusam et justo duo dolores et ea rebum. Stet clita kasd gubergren, no sea takimata sanctus est Lorem ipsum dolor sit amet. Lorem ipsum dolor sit amet, consetetur sadipscing elitr, sed diam nonumy eirmod tempor invidunt ut labore et dolore magna aliquyam erat, sed diam voluptua. At vero eos et accusam et justo duo dolores et ea rebum. Stet clita kasd gubergren, no sea takimata sanctus est Lorem ipsum dolor sit amet. Lorem ipsum dolor sit amet, consetetur sadipscing elitr, sed diam nonumy eirmod tempor invidunt ut labore et dolore magna aliquyam erat, sed diam voluptua. At vero eos et accusam et justo duo dolores et ea rebum. Stet clita kasd gubergren, no sea takimata sanctus est Lorem ipsum dolor sit amet. \n\nDuis autem vel eum iriure dolor in hendrerit in vulputate velit esse molestie consequat, vel illum dolore eu feugiat nulla facilisis at vero eros et accumsan et iusto odio dignissim qui blandit praesent luptatum zzril delenit augue duis dolore te feugait nulla facilisi. Lorem ipsum dolor sit amet, consectetuer adipiscing elit, sed diam nonummy nibh euismod tincidunt ut laoreet dolore magna aliquam erat volutpat. \n\nUt wisi enim ad minim veniam, quis nostrud exerci tation ullamcorper suscipit lobortis nisl ut aliquip ex ea commodo consequat. Duis autem vel eum iriure dolor in hendrerit in vulputate velit esse molestie consequat, vel illum dolore eu feugiat nulla facilisis at vero eros et accumsan et iusto odio dignissim qui blandit praesent luptatum zzril delenit augue duis dolore te feugait nulla facilisi. \n\nNam liber tempor cum soluta nobis eleifend option congue nihil imperdiet doming id quod mazim placerat facer possim assum. Lorem ipsum dolor sit amet, consectetuer adipiscing elit, sed diam nonummy nibh euismod tincidunt ut laoreet dolore magna aliquam erat volutpat. Ut wisi enim ad minim veniam, quis nostrud exerci tation ullamcorper suscipit lobortis nisl ut aliquip ex ea commodo consequat. \n\nDuis autem vel eum iriure dolor in hendrerit in vulputate velit esse molestie consequat, vel illum dolore eu feugiat nulla facilisis. \n\nAt vero eos et accusam et justo duo dolores et ea rebum. Stet clita kasd gubergren, no sea takimata sanctus est Lorem ipsum dolor sit amet. Lorem ipsum dolor sit amet, consetetur sadipscing elitr, sed diam nonumy eirmod tempor invidunt ut labore et dolore magna aliquyam erat, sed diam voluptua. At vero eos et accusam et justo duo dolores et ea rebum. Stet clita kasd gubergren, no sea takimata sanctus est Lorem ipsum dolor sit amet. Lorem ipsum dolor sit amet, consetetur sadipscing elitr, At accusam aliquyam diam diam dolore dolores duo eirmod eos erat, et nonumy sed tempor et et invidunt justo labore Stet clita ea et gubergren, kasd magna no rebum. sanctus sea sed takimata ut vero voluptua. est Lorem ipsum dolor sit amet. Lorem ipsum dolor sit amet, consetetur sadipscing elitr, sed diam nonumy eirmod tempor invidunt ut labore et dolore magna aliquyam erat. \n\nConsetetur sadipscing elitr, sed diam nonumy eirmod tempor invidunt ut labore et dolore magna aliquyam erat, sed diam voluptua. At vero eos et accusam et justo duo dolores et ea rebum. Stet clita kasd gubergren, no sea takimata sanctus est Lorem ipsum dolor sit amet. Lorem ipsum dolor sit amet, consetetur sadipscing elitr, sed diam nonumy eirmod tempor invidunt ut labore et dolore magna aliquyam erat, sed diam voluptua. At vero eos et accusam et justo duo dolores et ea rebum. Stet clita kasd gubergren, no sea takimata sanctus est Lorem ipsum dolor sit amet. Lorem ipsum dolor sit amet, consetetur sadipscing elitr, sed diam nonumy eirmod tempor invidunt ut labore et dolore magna aliquyam erat, sed diam voluptua. At vero eos et accusam et justo duo dolores et ea rebum. Stet clita kasd gubergren, no sea takimata sanctus. \n\nLorem ipsum dolor sit amet, consetetur sadipscing elitr, sed diam nonumy eirmod tempor invidunt ut labore et dolore magna aliquyam erat, sed diam voluptua. At vero eos et accusam et justo duo dolores et ea rebum. Stet clita kasd gubergren, no sea takimata sanctus est Lorem ipsum dolor sit amet. Lorem ipsum dolor sit amet, consetetur sadipscing elitr, sed diam nonumy eirmod tempor invidunt ut labore et dolore magna aliquyam erat, sed diam voluptua. At vero eos et accusam et justo duo dolores et ea rebum. Stet clita kasd gubergren, no sea takimata sanctus est Lorem ipsum dolor sit amet. Lorem ipsum dolor sit amet, consetetur sadipscing elitr, sed diam nonumy eirmod tempor invidunt ut labore et dolore magna aliquyam erat, sed diam voluptua. At vero eos et accusam et justo duo dolores et ea rebum. Stet clita kasd gubergren, no sea takimata sanctus est Lorem ipsum dolor sit amet. \n\nDuis autem vel eum iriure dolor in hendrerit in vulputate velit esse molestie consequat, vel illum dolore eu feugiat nulla facilisis at vero eros et accumsan et iusto odio dignissim qui blandit praesent luptatum zzril delenit augue duis dolore te feugait nulla facilisi. Lorem ipsum dolor sit amet, consectetuer adipiscing elit, sed diam nonummy nibh euismod tincidunt ut laoreet dolore magna aliquam erat volutpat. \n\nUt wisi enim ad minim veniam, quis nostrud exerci tation ullamcorper suscipit lobortis nisl ut aliquip ex ea commodo consequat. Duis autem vel eum iriure dolor in hendrerit in vulputate velit esse molestie consequat, vel illum dolore eu feugiat nulla facilisis at vero eros et accumsan et iusto odio dignissim qui blandit praesent luptatum zzril delenit augue duis dolore te feugait nulla facilisi. \n\nNam liber tempor cum soluta nobis eleifend option congue nihil imperdiet doming id quod mazim placerat facer possim assum. Lorem ipsum dolor sit amet, consectetuer adipiscing elit, sed diam nonummy nibh euismod tincidunt ut laoreet dolore magna aliquam erat volutpat. Ut wisi enim ad minim veniam, quis nostrud exerci tation ullamcorper suscipit lobortis nisl ut aliquip ex ea commodo consequat. \n\nDuis autem vel eum iriure dolor in hendrerit in vulputate velit esse molestie consequat, vel illum dolore eu feugiat nulla facilisis. \n\nAt vero eos et accusam et justo duo dolores et ea rebum. Stet clita kasd gubergren, no sea takimata sanctus est Lorem ipsum dolor sit amet. Lorem ipsum dolor sit amet, consetetur sadipscing elitr, sed diam nonumy eirmod tempor invidunt ut labore et dolore magna aliquyam erat, sed diam voluptua. At vero eos et accusam et justo duo dolores et ea rebum. Stet clita kasd gubergren, no sea takimata sanctus est Lorem ipsum dolor sit amet. Lorem ipsum dolor sit amet, consetetur sadipscing elitr, At accusam aliquyam diam diam dolore dolores duo eirmod eos erat, et nonumy sed tempor et et invidunt justo labore Stet clita ea et gubergren, kasd magna no rebum. sanctus sea sed takimata ut vero voluptua. est Lorem ipsum dolor sit amet. Lorem ipsum dolor sit amet, consetetur sadipscing elitr, sed diam nonumy eirmod tempor invidunt ut labore et dolore magna aliquyam erat. \n\nConsetetur sadipscing elitr, sed diam nonumy eirmod tempor invidunt ut labore et dolore magna aliquyam erat, sed diam voluptua. At vero eos et accusam et justo duo dolores et ea rebum. Stet clita kasd gubergren, no sea takimata sanctus est Lorem ipsum dolor sit amet. Lorem ipsum dolor sit amet, consetetur sadipscing elitr, sed diam nonumy eirmod tempor invidunt ut labore et dolore magna aliquyam erat, sed diam voluptua. At vero eos et accusam et justo duo dolores et ea rebum. Stet clita kasd gubergren, no sea takimata sanctus est Lorem ipsum dolor sit amet. Lorem ipsum dolor sit amet, consetetur sadipscing elitr, sed diam nonumy eirmod tempor invidunt ut labore et dolore magna aliquyam erat, sed diam voluptua. At vero eos et accusam et justo duo dolores et ea rebum. Stet clita kasd gubergren, no sea takimata sanctus. \n\nLorem ipsum dolor sit amet, consetetur sadipscing elitr, sed diam nonumy eirmod tempor invidunt ut labore et dolore magna aliquyam erat, sed diam voluptua. At vero eos et accusam et justo duo dolores et ea rebum. Stet clita kasd gubergren, no sea takimata sanctus est Lorem ipsum dolor sit amet. Lorem ipsum dolor sit amet, consetetur sadipscing elitr, sed diam nonumy eirmod tempor invidunt ut labore et dolore magna aliquyam erat, sed diam voluptua. At vero eos et accusam et justo duo dolores et ea rebum. Stet clita kasd gubergren, no sea takimata sanctus est Lorem ipsum dolor sit amet. Lorem ipsum dolor sit amet, consetetur sadipscing elitr, sed diam nonumy eirmod tempor invidunt ut labore et dolore magna aliquyam erat, sed diam voluptua. At vero eos et accusam et justo duo dolores et ea rebum. Stet clita kasd gubergren, no sea takimata sanctus est Lorem ipsum dolor sit amet. \n\nDuis autem vel eum iriure dolor in hendrerit in vulputate velit esse molestie consequat, vel illum dolore eu feugiat nulla facilisis at vero eros et accumsan et iusto odio dignissim qui blandit praesent luptatum zzril delenit augue duis dolore te feugait nulla facilisi. Lorem ipsum dolor sit amet, consectetuer adipiscing elit, sed diam nonummy nibh euismod tincidunt ut laoreet dolore magna aliquam erat volutpat. \n\nUt wisi enim ad minim veniam, quis nostrud exerci tation ullamcorp','2022-08-15 20:57:00','picsum.photos',33),(117,'/user-photos/33/801dd8c3-ebfa-4dae-bc2e-b06d8d898d9a_877-1x1.jpg','Drop','DROP TABLE\nTABLE DROP\nNULL\nA\nABORT\nABS\nABSOLUTE\nACCESS\nACTION\nADA\nADD\nADMIN\nAFTER\nAGGREGATE\nALIAS\nALL\nALLOCATE\nALSO\nALTER\nALWAYS\nANALYSE\nANALYZE\nAND\nANY\nARE\nARRAY\nAS\nASC\nASENSITIVE\nASSERTION\nASSIGNMENT\nASYMMETRIC\nAT\nATOMIC\nATTRIBUTE\nATTRIBUTES\nAUDIT\nAUTHORIZATION\nAUTO_INCREMENT\nAVG\nAVG_ROW_LENGTH\nBACKUP\nBACKWARD\nBEFORE\nBEGIN\nBERNOULLI\nBETWEEN\nBIGINT\nBINARY\nBIT\nBIT_LENGTH\nBITVAR\nBLOB\nBOOL\nBOOLEAN\nBOTH\nBREADTH\nBREAK\nBROWSE\nBULK\nBY\nC\nCACHE\nCALL\nCALLED\nCARDINALITY\nCASCADE\nCASCADED\nCASE\nCAST\nCATALOG\nCATALOG_NAME\nCEIL\nCEILING\nCHAIN\nCHANGE\nCHAR\nCHAR_LENGTH\nCHARACTER\nCHARACTER_LENGTH\nCHARACTER_SET_CATALOG\nCHARACTER_SET_NAME\nCHARACTER_SET_SCHEMA\nCHARACTERISTICS\nCHARACTERS\nCHECK\nCHECKED\nCHECKPOINT\nCHECKSUM\nCLASS\nCLASS_ORIGIN\nCLOB\nCLOSE\nCLUSTER\nCLUSTERED\nCOALESCE\nCOBOL\nCOLLATE\nCOLLATION\nCOLLATION_CATALOG\nCOLLATION_NAME\nCOLLATION_SCHEMA\nCOLLECT\nCOLUMN\nCOLUMN_NAME\nCOLUMNS\nCOMMAND_FUNCTION\nCOMMAND_FUNCTION_CODE\nCOMMENT\nCOMMIT\nCOMMITTED\nCOMPLETION\nCOMPRESS\nCOMPUTE\nCONDITION\nCONDITION_NUMBER\nCONNECT\nCONNECTION\nCONNECTION_NAME\nCONSTRAINT\nCONSTRAINT_CATALOG\nCONSTRAINT_NAME\nCONSTRAINT_SCHEMA\nCONSTRAINTS\nCONSTRUCTOR\nCONTAINS\nCONTAINSTABLE\nCONTINUE\nCONVERSION\nCONVERT\nCOPY\nCORR\nCORRESPONDING\nCOUNT\nCOVAR_POP\nCOVAR_SAMP\nCREATE\nCREATEDB\nCREATEROLE\nCREATEUSER\nCROSS\nCSV\nCUBE\nCUME_DIST\nCURRENT\nCURRENT_DATE\nCURRENT_DEFAULT_TRANSFORM_GROUP\nCURRENT_PATH\nCURRENT_ROLE\nCURRENT_TIME\nCURRENT_TIMESTAMP\nCURRENT_TRANSFORM_GROUP_FOR_TYPE\nCURRENT_USER\nCURSOR\nCURSOR_NAME\nCYCLE\nDATA\nDATABASE\nDATABASES\nDATE\nDATETIME\nDATETIME_INTERVAL_CODE\nDATETIME_INTERVAL_PRECISION\nDAY\nDAY_HOUR\nDAY_MICROSECOND\nDAY_MINUTE\nDAY_SECOND\nDAYOFMONTH\nDAYOFWEEK\nDAYOFYEAR\nDBCC\nDEALLOCATE\nDEC\nDECIMAL\nDECLARE\nDEFAULT\nDEFAULTS\nDEFERRABLE\nDEFERRED\nDEFINED\nDEFINER\nDEGREE\nDELAY_KEY_WRITE\nDELAYED\nDELETE\nDELIMITER\nDELIMITERS\nDENSE_RANK\nDENY\nDEPTH\nDEREF\nDERIVED\nDESC\nDESCRIBE\nDESCRIPTOR\nDESTROY\nDESTRUCTOR\nDETERMINISTIC\nDIAGNOSTICS\nDICTIONARY\nDISABLE\nDISCONNECT\nDISK\nDISPATCH\nDISTINCT\nDISTINCTROW\nDISTRIBUTED\nDIV\nDO\nDOMAIN\nDOUBLE\nDROP\nDUAL\nDUMMY\nDUMP\nDYNAMIC\nDYNAMIC_FUNCTION\nDYNAMIC_FUNCTION_CODE\nEACH\nELEMENT\nELSE\nELSEIF\nENABLE\nENCLOSED\nENCODING\nENCRYPTED\nEND\nEND-EXEC\nENUM\nEQUALS\nERRLVL\nESCAPE\nESCAPED\nEVERY\nEXCEPT\nEXCEPTION\nEXCLUDE\nEXCLUDING\nEXCLUSIVE\nEXEC\nEXECUTE\nEXISTING\nEXISTS\nEXIT\nEXP\nEXPLAIN\nEXTERNAL\nEXTRACT\nFALSE\nFETCH\nFIELDS\nFILE\nFILLFACTOR\nFILTER\nFINAL\nFIRST\nFLOAT\nFLOAT4\nFLOAT8\nFLOOR\nFLUSH\nFOLLOWING\nFOR\nFORCE\nFOREIGN\nFORTRAN\nFORWARD\nFOUND\nFREE\nFREETEXT\nFREETEXTTABLE\nFREEZE\nFROM\nFULL\nFULLTEXT\nFUNCTION\nFUSION\nG\nGENERAL\nGENERATED\nGET\nGLOBAL\nGO\nGOTO\nGRANT\nGRANTED\nGRANTS\nGREATEST\nGROUP\nGROUPING\nHANDLER\nHAVING\nHEADER\nHEAP\nHIERARCHY\nHIGH_PRIORITY\nHOLD\nHOLDLOCK\nHOST\nHOSTS\nHOUR\nHOUR_MICROSECOND\nHOUR_MINUTE\nHOUR_SECOND\nIDENTIFIED\nIDENTITY\nIDENTITY_INSERT\nIDENTITYCOL\nIF\nIGNORE\nILIKE\nIMMEDIATE\nIMMUTABLE\nIMPLEMENTATION\nIMPLICIT\nIN\nINCLUDE\nINCLUDING\nINCREMENT\nINDEX\nINDICATOR\nINFILE\nINFIX\nINHERIT\nINHERITS\nINITIAL\nINITIALIZE\nINITIALLY\nINNER\nINOUT\nINPUT\nINSENSITIVE\nINSERT\nINSERT_ID\nINSTANCE\nINSTANTIABLE\nINSTEAD\nINT\nINT1\nINT2\nINT3\nINT4\nINT8\nINTEGER\nINTERSECT\nINTERSECTION\nINTERVAL\nINTO\nINVOKER\nIS\nISAM\nISNULL\nISOLATION\nITERATE\nJOIN\nK\nKEY\nKEY_MEMBER\nKEY_TYPE\nKEYS\nKILL\nLANCOMPILER\nLANGUAGE\nLARGE\nLAST\nLAST_INSERT_ID\nLATERAL\nLEAD\nLEADING\nLEAST\nLEAVE\nLEFT\nLENGTH\nLESS\nLEVEL\nLIKE\nLIMIT\nLINENO\nLINES\nLISTEN\nLN\nLOAD\nLOCAL\nLOCALTIME\nLOCALTIMESTAMP\nLOCATION\nLOCATOR\nLOCK\nLOGIN\nLOGS\nLONG\nLONGBLOB\nLONGTEXT\nLOOP\nLOW_PRIORITY\nLOWER\nM\nMAP\nMATCH\nMATCHED\nMAX\nMAX_ROWS\nMAXEXTENTS\nMAXVALUE\nMEDIUMBLOB\nMEDIUMINT\nMEDIUMTEXT\nMEMBER\nMERGE\nMESSAGE_LENGTH\nMESSAGE_OCTET_LENGTH\nMESSAGE_TEXT\nMETHOD\nMIDDLEINT\nMIN\nMIN_ROWS\nMINUS\nMINUTE\nMINUTE_MICROSECOND\nMINUTE_SECOND\nMINVALUE\nMLSLABEL\nMOD\nMODE\nMODIFIES\nMODIFY\nMODULE\nMONTH\nMONTHNAME\nMORE\nMOVE\nMULTISET\nMUMPS\nMYISAM\nNAME\nNAMES\nNATIONAL\nNATURAL\nNCHAR\nNCLOB\nNESTING\nNEW\nNEXT\nNO\nNO_WRITE_TO_BINLOG\nNOAUDIT\nNOCHECK\nNOCOMPRESS\nNOCREATEDB\nNOCREATEROLE\nNOCREATEUSER\nNOINHERIT\nNOLOGIN\nNONCLUSTERED\nNONE\nNORMALIZE\nNORMALIZED\nNOSUPERUSER\nNOT\nNOTHING\nNOTIFY\nNOTNULL\nNOWAIT\nNULL\nNULLABLE\nNULLIF\nNULLS\nNUMBER\nNUMERIC\nOBJECT\nOCTET_LENGTH\nOCTETS\nOF\nOFF\nOFFLINE\nOFFSET\nOFFSETS\nOIDS\nOLD\nON\nONLINE\nONLY\nOPEN\nOPENDATASOURCE\nOPENQUERY\nOPENROWSET\nOPENXML\nOPERATION\nOPERATOR\nOPTIMIZE\nOPTION\nOPTIONALLY\nOPTIONS\nOR\nORDER\nORDERING\nORDINALITY\nOTHERS\nOUT\nOUTER\nOUTFILE\nOUTPUT\nOVER\nOVERLAPS\nOVERLAY\nOVERRIDING\nOWNER\nPACK_KEYS\nPAD\nPARAMETER\nPARAMETER_MODE\nPARAMETER_NAME\nPARAMETER_ORDINAL_POSITION\nPARAMETER_SPECIFIC_CATALOG\nPARAMETER_SPECIFIC_NAME\nPARAMETER_SPECIFIC_SCHEMA\nPARAMETERS\nPARTIAL\nPARTITION\nPASCAL\nPASSWORD\nPATH\nPCTFREE\nPERCENT\nPERCENT_RANK\nPERCENTILE_CONT\nPERCENTILE_DISC\nPLACING\nPLAN\nPLI\nPOSITION\nPOSTFIX\nPOWER\nPRECEDING\nPRECISION\nPREFIX\nPREORDER\nPREPARE\nPREPARED\nPRESERVE\nPRIMARY\nPRINT\nPRIOR\nPRIVILEGES\nPROC\nPROCEDURAL\nPROCEDURE\nPROCESS\nPROCESSLIST\nPUBLIC\nPURGE\nQUOTE\nRAID0\nRAISERROR\nRANGE\nRANK\nRAW\nREAD\nREADS\nREADTEXT\nREAL\nRECHECK\nRECONFIGURE\nRECURSIVE\nREF\nREFERENCES\nREFERENCING\nREGEXP\nREGR_AVGX\nREGR_AVGY\nREGR_COUNT\nREGR_INTERCEPT\nREGR_R2\nREGR_SLOPE\nREGR_SXX\nREGR_SXY\nREGR_SYY\nREINDEX\nRELATIVE\nRELEASE\nRELOAD\nRENAME\nREPEAT\nREPEATABLE\nREPLACE\nREPLICATION\nREQUIRE\nRESET\nRESIGNAL\nRESOURCE\nRESTART\nRESTORE\nRESTRICT\nRESULT\nRETURN\nRETURNED_CARDINALITY\nRETURNED_LENGTH\nRETURNED_OCTET_LENGTH\nRETURNED_SQLSTATE\nRETURNS\nREVOKE\nRIGHT\nRLIKE\nROLE\nROLLBACK\nROLLUP\nROUTINE\nROUTINE_CATALOG\nROUTINE_NAME\nROUTINE_SCHEMA\nROW\nROW_COUNT\nROW_NUMBER\nROWCOUNT\nROWGUIDCOL\nROWID\nROWNUM\nROWS\nRULE\nSAVE\nSAVEPOINT\nSCALE\nSCHEMA\nSCHEMA_NAME\nSCHEMAS\nSCOPE\nSCOPE_CATALOG\nSCOPE_NAME\nSCOPE_SCHEMA\nSCROLL\nSEARCH\nSECOND\nSECOND_MICROSECOND\nSECTION\nSECURITY\nSELECT\nSELF\nSENSITIVE\nSEPARATOR\nSEQUENCE\nSERIALIZABLE\nSERVER_NAME\nSESSION\nSESSION_USER\nSET\nSETOF\nSETS\nSETUSER\nSHARE\nSHOW\nSHUTDOWN\nSIGNAL\nSIMILAR\nSIMPLE\nSIZE\nSMALLINT\nSOME\nSONAME\nSOURCE\nSPACE\nSPATIAL\nSPECIFIC\nSPECIFIC_NAME\nSPECIFICTYPE\nSQL\nSQL_BIG_RESULT\nSQL_BIG_SELECTS\nSQL_BIG_TABLES\nSQL_CALC_FOUND_ROWS\nSQL_LOG_OFF\nSQL_LOG_UPDATE\nSQL_LOW_PRIORITY_UPDATES\nSQL_SELECT_LIMIT\nSQL_SMALL_RESULT\nSQL_WARNINGS\nSQLCA\nSQLCODE\nSQLERROR\nSQLEXCEPTION\nSQLSTATE\nSQLWARNING\nSQRT\nSSL\nSTABLE\nSTART\nSTARTING\nSTATE\nSTATEMENT\nSTATIC\nSTATISTICS\nSTATUS\nSTDDEV_POP\nSTDDEV_SAMP\nSTDIN\nSTDOUT\nSTORAGE\nSTRAIGHT_JOIN\nSTRICT\nSTRING\nSTRUCTURE\nSTYLE\nSUBCLASS_ORIGIN\nSUBLIST\nSUBMULTISET\nSUBSTRING\nSUCCESSFUL\nSUM\nSUPERUSER\nSYMMETRIC\nSYNONYM\nSYSDATE\nSYSID\nSYSTEM\nSYSTEM_USER\nTABLE\nTABLE_NAME\nTABLES\nTABLESAMPLE\nTABLESPACE\nTEMP\nTEMPLATE\nTEMPORARY\nTERMINATE\nTERMINATED\nTEXT\nTEXTSIZE\nTHAN\nTHEN\nTIES\nTIME\nTIMESTAMP\nTIMEZONE_HOUR\nTIMEZONE_MINUTE\nTINYBLOB\nTINYINT\nTINYTEXT\nTO\nTOAST\nTOP\nTOP_LEVEL_COUNT\nTRAILING\nTRAN\nTRANSACTION\nTRANSACTION_ACTIVE\nTRANSACTIONS_COMMITTED\nTRANSACTIONS_ROLLED_BACK\nTRANSFORM\nTRANSFORMS\nTRANSLATE\nTRANSLATION\nTREAT\nTRIGGER\nTRIGGER_CATALOG\nTRIGGER_NAME\nTRIGGER_SCHEMA\nTRIM\nTRUE\nTRUNCATE\nTRUSTED\nTSEQUAL\nTYPE\nUESCAPE\nUID\nUNBOUNDED\nUNCOMMITTED\nUNDER\nUNDO\nUNENCRYPTED\nUNION\nUNIQUE\nUNKNOWN\nUNLISTEN\nUNLOCK\nUNNAMED\nUNNEST\nUNSIGNED\nUNTIL\nUPDATE\nUPDATETEXT\nUPPER\nUSAGE\nUSE\nUSER\nUSER_DEFINED_TYPE_CATALOG\nUSER_DEFINED_TYPE_CODE\nUSER_DEFINED_TYPE_NAME\nUSER_DEFINED_TYPE_SCHEMA\nUSING\nUTC_DATE\nUTC_TIME\nUTC_TIMESTAMP\nVACUUM\nVALID\nVALIDATE\nVALIDATOR\nVALUE\nVALUES\nVAR_POP\nVAR_SAMP\nVARBINARY\nVARCHAR\nVARCHAR2\nVARCHARACTER\nVARIABLE\nVARIABLES\nVARYING\nVERBOSE\nVIEW\nVOLATILE\nWAITFOR\nWHEN\nWHENEVER\nWHERE\nWHILE\nWIDTH_BUCKET\nWINDOW\nWITH\nWITHIN\nWITHOUT\nWORK\nWRITE\nWRITETEXT\nX509\nXOR\nYEAR\nYEAR_MONTH\nZEROFILL\nZONE','2022-08-15 21:04:00','picsum.photos',33),(118,'/user-photos/33/c529c76c-1db1-45b7-abef-f29ce88968fe_spark.png','bumm','','2022-08-15 21:05:00','bamsoftware.com',33),(119,'/user-photos/28/60257e1e-90ad-4543-aee7-f195128ea25f_4737A6F1-25CD-4F36-B09B-4B27D5AD8DA0.jpeg','Otto','','2022-08-18 13:33:00','Deutschland',28),(120,'/user-photos/30/13406a99-9adf-4c48-92d9-2624da18fc26_6C438889-9AF0-490D-B96E-BD80991A32E5.jpeg','Ich versuchs ja','Pls dont hate','2022-08-18 13:36:00','Whg',30);
/*!40000 ALTER TABLE `fund` ENABLE KEYS */;

--
-- Table structure for table `gefaellt`
--

/*!40101 SET @saved_cs_client     = @@character_set_client */;
/*!50503 SET character_set_client = utf8mb4 */;
CREATE TABLE `gefaellt` (
  `benutzerId` int(11) NOT NULL,
  `fundId` int(11) NOT NULL,
  PRIMARY KEY (`benutzerId`,`fundId`),
  KEY `like_fund_id_fk` (`fundId`),
  CONSTRAINT `like_benutzer_id_fk` FOREIGN KEY (`benutzerId`) REFERENCES `benutzer` (`id`),
  CONSTRAINT `like_fund_id_fk` FOREIGN KEY (`fundId`) REFERENCES `fund` (`id`)
) ENGINE=InnoDB DEFAULT CHARSET=utf8 COLLATE=utf8_unicode_ci;
/*!40101 SET character_set_client = @saved_cs_client */;

--
-- Dumping data for table `gefaellt`
--

/*!40000 ALTER TABLE `gefaellt` DISABLE KEYS */;
INSERT INTO `gefaellt` VALUES (2,1),(21,2),(2,3),(21,3),(21,4),(2,5),(21,5),(21,6),(8,7),(21,7),(2,8),(6,8),(2,16),(6,16),(2,18),(2,24),(6,24),(2,26),(6,26),(2,27),(6,27),(2,31),(2,34),(21,34),(26,34),(21,35),(26,35),(21,36),(26,36),(27,36),(2,37),(21,37),(26,37),(27,37),(31,40),(31,41),(31,42),(31,43),(31,44),(31,45),(31,46),(13,47),(31,47),(31,48),(2,49),(31,49),(2,50),(31,50),(31,51),(14,52),(31,52),(31,53),(17,54),(31,54),(2,55),(17,55),(31,55),(2,56),(17,56),(31,56),(1,57),(17,57),(31,57),(17,60),(17,61),(13,62),(17,62),(13,63),(17,63),(18,64),(27,64),(31,64),(13,65),(15,65),(16,65),(17,65),(31,65),(13,66),(17,66),(17,68),(21,69),(22,69),(26,69),(13,70),(14,70),(15,70),(19,70),(21,70),(22,70),(26,70),(27,70),(28,70),(31,70),(13,71),(14,71),(19,71),(25,71),(28,71),(31,71),(17,72),(17,73),(17,74),(19,74),(21,74),(31,74),(15,75),(17,76),(19,76),(21,76),(25,76),(29,76),(31,76),(17,77),(19,77),(21,77),(31,77),(16,78),(20,78),(22,78),(23,78),(26,78),(27,78),(31,78),(14,79),(23,79),(27,79),(31,79),(13,80),(19,80),(21,80),(26,80),(28,80),(31,80),(17,81),(31,81),(15,82),(19,82),(21,82),(31,82),(13,83),(17,83),(19,83),(21,83),(31,83),(19,84),(21,84),(14,85),(31,90),(19,91),(31,91),(2,92),(26,92),(31,92),(26,93),(31,93),(31,94),(2,95),(31,95),(19,96),(19,98),(31,99),(31,100),(31,102),(19,107),(31,107),(27,109),(28,109),(31,109),(2,110),(27,110),(28,110),(31,110),(2,114),(16,114),(19,114),(20,114),(23,114),(27,114),(31,114),(19,119),(28,119),(19,120);
/*!40000 ALTER TABLE `gefaellt` ENABLE KEYS */;
/*!40103 SET TIME_ZONE=@OLD_TIME_ZONE */;

/*!40101 SET SQL_MODE=@OLD_SQL_MODE */;
/*!40014 SET FOREIGN_KEY_CHECKS=@OLD_FOREIGN_KEY_CHECKS */;
/*!40014 SET UNIQUE_CHECKS=@OLD_UNIQUE_CHECKS */;
/*!40101 SET CHARACTER_SET_CLIENT=@OLD_CHARACTER_SET_CLIENT */;
/*!40101 SET CHARACTER_SET_RESULTS=@OLD_CHARACTER_SET_RESULTS */;
/*!40101 SET COLLATION_CONNECTION=@OLD_COLLATION_CONNECTION */;
/*!40111 SET SQL_NOTES=@OLD_SQL_NOTES */;

-- Dump completed on 2022-08-19  8:10:54
